"../../../Engine/Plugins/2D/Paper2D/Content/PlaceholderTextures/DummySpriteTexture.ubulk" 0
"../../../Engine/Plugins/2D/Paper2D/Content/PlaceholderTextures/DummySpriteTexture.uasset" 1
"../../../Engine/Plugins/2D/Paper2D/Content/PlaceholderTextures/DummySpriteTexture.uexp" 2
"../../../Engine/Plugins/2D/Paper2D/Content/DummySprite.uasset" 3
"../../../Engine/Plugins/2D/Paper2D/Content/DummySprite.uexp" 4
"../../../Engine/Plugins/2D/Paper2D/Content/DefaultPaperTerrainMaterial.uasset" 5
"../../../Engine/Plugins/2D/Paper2D/Content/DefaultPaperTerrainMaterial.uexp" 6
"../../../Engine/Plugins/Animation/ACLPlugin/Content/ACLAnimCurveCompressionSettings.uasset" 7
"../../../Engine/Plugins/Animation/ACLPlugin/Content/ACLAnimCurveCompressionSettings.uexp" 8
"../../../Engine/Plugins/Animation/ACLPlugin/Content/ACLAnimBoneCompressionSettings.uasset" 9
"../../../Engine/Plugins/Animation/ACLPlugin/Content/ACLAnimBoneCompressionSettings.uexp" 10
"../../../Engine/Plugins/Interchange/Runtime/Content/Pipelines/DefaultTexturePipeline.uasset" 11
"../../../Engine/Plugins/Interchange/Runtime/Content/Pipelines/DefaultTexturePipeline.uexp" 12
"../../../Engine/Plugins/Interchange/Runtime/Content/Pipelines/DefaultSceneLevelPipeline.uasset" 13
"../../../Engine/Plugins/Interchange/Runtime/Content/Pipelines/DefaultSceneLevelPipeline.uexp" 14
"../../../Engine/Plugins/Interchange/Runtime/Content/Pipelines/DefaultSceneAssetsPipeline.uasset" 15
"../../../Engine/Plugins/Interchange/Runtime/Content/Pipelines/DefaultSceneAssetsPipeline.uexp" 16
"../../../Engine/Plugins/Interchange/Runtime/Content/Pipelines/DefaultMaterialXPipeline.uasset" 17
"../../../Engine/Plugins/Interchange/Runtime/Content/Pipelines/DefaultMaterialXPipeline.uexp" 18
"../../../Engine/Plugins/Interchange/Runtime/Content/Pipelines/DefaultMaterialPipeline.uasset" 19
"../../../Engine/Plugins/Interchange/Runtime/Content/Pipelines/DefaultMaterialPipeline.uexp" 20
"../../../Engine/Plugins/Interchange/Runtime/Content/Pipelines/DefaultGLTFSceneAssetsPipeline.uasset" 21
"../../../Engine/Plugins/Interchange/Runtime/Content/Pipelines/DefaultGLTFSceneAssetsPipeline.uexp" 22
"../../../Engine/Plugins/Interchange/Runtime/Content/Pipelines/DefaultGLTFPipeline.uasset" 23
"../../../Engine/Plugins/Interchange/Runtime/Content/Pipelines/DefaultGLTFPipeline.uexp" 24
"../../../Engine/Plugins/Interchange/Runtime/Content/Pipelines/DefaultGLTFAssetsPipeline.uasset" 25
"../../../Engine/Plugins/Interchange/Runtime/Content/Pipelines/DefaultGLTFAssetsPipeline.uexp" 26
"../../../Engine/Plugins/Interchange/Runtime/Content/Pipelines/DefaultAssetsPipeline.uasset" 27
"../../../Engine/Plugins/Interchange/Runtime/Content/Pipelines/DefaultAssetsPipeline.uexp" 28
"../../../Engine/Plugins/Animation/ControlRig/Content/Controls/DefaultGizmoLibraryNormalized.uasset" 29
"../../../Engine/Plugins/Animation/ControlRig/Content/Controls/DefaultGizmoLibraryNormalized.uexp" 30
"../../../Engine/Content/EngineSounds/Master.uasset" 31
"../../../Engine/Content/EngineSounds/Master.uexp" 32
"../../../Engine/Content/EngineMaterials/DefaultPhysicalMaterial.uasset" 33
"../../../Engine/Content/EngineMaterials/DefaultPhysicalMaterial.uexp" 34
"../../../Engine/Content/EngineMaterials/DefaultDestructiblePhysicalMaterial.uasset" 35
"../../../Engine/Content/EngineMaterials/DefaultDestructiblePhysicalMaterial.uexp" 36
"../../../Engine/Content/EngineFonts/TinyFont.uasset" 37
"../../../Engine/Content/EngineFonts/TinyFont.uexp" 38
"../../../Engine/Content/EngineFonts/SmallFont.uasset" 39
"../../../Engine/Content/EngineFonts/SmallFont.uexp" 40
"../../../Engine/Content/EngineFonts/Faces/RobotoTiny.uexp" 41
"../../../Engine/Content/EngineFonts/Faces/RobotoTiny.uasset" 42
"../../../Engine/Content/EngineFonts/Faces/RobotoTiny.ufont" 43
"../../../Engine/Content/EngineFonts/Faces/DroidSansFallback.uexp" 44
"../../../Engine/Content/EngineFonts/Faces/DroidSansFallback.uasset" 45
"../../../Engine/Content/EngineFonts/Faces/DroidSansFallback.ufont" 46
"../../../Engine/Content/EngineFonts/RobotoTiny.uasset" 47
"../../../Engine/Content/EngineFonts/RobotoTiny.uexp" 48
"../../../Engine/Content/EngineFonts/Faces/RobotoRegular.uexp" 49
"../../../Engine/Content/EngineFonts/Faces/RobotoRegular.uasset" 50
"../../../Engine/Content/EngineFonts/Faces/RobotoRegular.ufont" 51
"../../../Engine/Content/EngineFonts/Faces/RobotoLight.uexp" 52
"../../../Engine/Content/EngineFonts/Faces/RobotoLight.uasset" 53
"../../../Engine/Content/EngineFonts/Faces/RobotoLight.ufont" 54
"../../../Engine/Content/EngineFonts/Faces/RobotoItalic.uexp" 55
"../../../Engine/Content/EngineFonts/Faces/RobotoItalic.uasset" 56
"../../../Engine/Content/EngineFonts/Faces/RobotoItalic.ufont" 57
"../../../Engine/Content/EngineFonts/Faces/RobotoBoldItalic.uexp" 58
"../../../Engine/Content/EngineFonts/Faces/RobotoBoldItalic.uasset" 59
"../../../Engine/Content/EngineFonts/Faces/RobotoBoldItalic.ufont" 60
"../../../Engine/Content/EngineFonts/Faces/RobotoBold.uexp" 61
"../../../Engine/Content/EngineFonts/Faces/RobotoBold.uasset" 62
"../../../Engine/Content/EngineFonts/Faces/RobotoBold.ufont" 63
"../../../Engine/Content/EngineFonts/Roboto.uasset" 64
"../../../Engine/Content/EngineFonts/Roboto.uexp" 65
"../../../Engine/Content/EngineFonts/Faces/DroidSansMono.uexp" 66
"../../../Engine/Content/EngineFonts/Faces/DroidSansMono.uasset" 67
"../../../Engine/Content/EngineFonts/Faces/DroidSansMono.ufont" 68
"../../../Engine/Content/EngineFonts/DroidSansMono.uasset" 69
"../../../Engine/Content/EngineFonts/DroidSansMono.uexp" 70
"../../../Engine/Content/EditorResources/SmallFont.uasset" 71
"../../../Engine/Content/EditorResources/SmallFont.uexp" 72
"C:/GitHub/P01_HorrorTemplate/Content/SystemFonts/FontFaces/Stencil_Regular.uexp" 73
"C:/GitHub/P01_HorrorTemplate/Content/SystemFonts/FontFaces/Stencil_Regular.uasset" 74
"C:/GitHub/P01_HorrorTemplate/Content/SystemFonts/FontFaces/Stencil_Regular.ufont" 75
"C:/GitHub/P01_HorrorTemplate/Content/SystemFonts/Fonts/Stencil.uasset" 76
"C:/GitHub/P01_HorrorTemplate/Content/SystemFonts/Fonts/Stencil.uexp" 77
"C:/GitHub/P01_HorrorTemplate/Content/SystemFonts/FontFaces/NiagaraEngraved_Regular.uexp" 78
"C:/GitHub/P01_HorrorTemplate/Content/SystemFonts/FontFaces/NiagaraEngraved_Regular.uasset" 79
"C:/GitHub/P01_HorrorTemplate/Content/SystemFonts/FontFaces/NiagaraEngraved_Regular.ufont" 80
"C:/GitHub/P01_HorrorTemplate/Content/SystemFonts/Fonts/NiagaraEngraved.uasset" 81
"C:/GitHub/P01_HorrorTemplate/Content/SystemFonts/Fonts/NiagaraEngraved.uexp" 82
"C:/GitHub/P01_HorrorTemplate/Content/SystemFonts/FontFaces/Elephant_Regular.uexp" 83
"C:/GitHub/P01_HorrorTemplate/Content/SystemFonts/FontFaces/Elephant_Regular.uasset" 84
"C:/GitHub/P01_HorrorTemplate/Content/SystemFonts/FontFaces/Elephant_Regular.ufont" 85
"C:/GitHub/P01_HorrorTemplate/Content/SystemFonts/FontFaces/Elephant_Italic.uexp" 86
"C:/GitHub/P01_HorrorTemplate/Content/SystemFonts/FontFaces/Elephant_Italic.uasset" 87
"C:/GitHub/P01_HorrorTemplate/Content/SystemFonts/FontFaces/Elephant_Italic.ufont" 88
"C:/GitHub/P01_HorrorTemplate/Content/SystemFonts/Fonts/Elephant.uasset" 89
"C:/GitHub/P01_HorrorTemplate/Content/SystemFonts/Fonts/Elephant.uexp" 90
"C:/GitHub/P01_HorrorTemplate/Content/SystemFonts/FontFaces/Arial_Regular.uexp" 91
"C:/GitHub/P01_HorrorTemplate/Content/SystemFonts/FontFaces/Arial_Regular.uasset" 92
"C:/GitHub/P01_HorrorTemplate/Content/SystemFonts/FontFaces/Arial_Regular.ufont" 93
"C:/GitHub/P01_HorrorTemplate/Content/SystemFonts/FontFaces/Arial_NarrowItalic.uexp" 94
"C:/GitHub/P01_HorrorTemplate/Content/SystemFonts/FontFaces/Arial_NarrowItalic.uasset" 95
"C:/GitHub/P01_HorrorTemplate/Content/SystemFonts/FontFaces/Arial_NarrowItalic.ufont" 96
"C:/GitHub/P01_HorrorTemplate/Content/SystemFonts/FontFaces/Arial_NarrowBoldItalic.uexp" 97
"C:/GitHub/P01_HorrorTemplate/Content/SystemFonts/FontFaces/Arial_NarrowBoldItalic.uasset" 98
"C:/GitHub/P01_HorrorTemplate/Content/SystemFonts/FontFaces/Arial_NarrowBoldItalic.ufont" 99
"C:/GitHub/P01_HorrorTemplate/Content/SystemFonts/FontFaces/Arial_NarrowBold.uexp" 100
"C:/GitHub/P01_HorrorTemplate/Content/SystemFonts/FontFaces/Arial_NarrowBold.uasset" 101
"C:/GitHub/P01_HorrorTemplate/Content/SystemFonts/FontFaces/Arial_NarrowBold.ufont" 102
"C:/GitHub/P01_HorrorTemplate/Content/SystemFonts/FontFaces/Arial_Narrow.uexp" 103
"C:/GitHub/P01_HorrorTemplate/Content/SystemFonts/FontFaces/Arial_Narrow.uasset" 104
"C:/GitHub/P01_HorrorTemplate/Content/SystemFonts/FontFaces/Arial_Narrow.ufont" 105
"C:/GitHub/P01_HorrorTemplate/Content/SystemFonts/FontFaces/Arial_Italic.uexp" 106
"C:/GitHub/P01_HorrorTemplate/Content/SystemFonts/FontFaces/Arial_Italic.uasset" 107
"C:/GitHub/P01_HorrorTemplate/Content/SystemFonts/FontFaces/Arial_Italic.ufont" 108
"C:/GitHub/P01_HorrorTemplate/Content/SystemFonts/FontFaces/Arial_BoldItalic.uexp" 109
"C:/GitHub/P01_HorrorTemplate/Content/SystemFonts/FontFaces/Arial_BoldItalic.uasset" 110
"C:/GitHub/P01_HorrorTemplate/Content/SystemFonts/FontFaces/Arial_BoldItalic.ufont" 111
"C:/GitHub/P01_HorrorTemplate/Content/SystemFonts/FontFaces/Arial_Bold.uexp" 112
"C:/GitHub/P01_HorrorTemplate/Content/SystemFonts/FontFaces/Arial_Bold.uasset" 113
"C:/GitHub/P01_HorrorTemplate/Content/SystemFonts/FontFaces/Arial_Bold.ufont" 114
"C:/GitHub/P01_HorrorTemplate/Content/SystemFonts/FontFaces/Arial_Black.uexp" 115
"C:/GitHub/P01_HorrorTemplate/Content/SystemFonts/FontFaces/Arial_Black.uasset" 116
"C:/GitHub/P01_HorrorTemplate/Content/SystemFonts/FontFaces/Arial_Black.ufont" 117
"C:/GitHub/P01_HorrorTemplate/Content/SystemFonts/Fonts/Arial.uasset" 118
"C:/GitHub/P01_HorrorTemplate/Content/SystemFonts/Fonts/Arial.uexp" 119
"../../../Engine/Content/VREditor/Fonts/VRText_RobotoLarge.uasset" 120
"../../../Engine/Content/VREditor/Fonts/VRText_RobotoLarge.uexp" 121
"../../../Engine/Content/EngineResources/GradientTexture0.uasset" 122
"../../../Engine/Content/EngineResources/GradientTexture0.uexp" 123
"../../../Engine/Content/EngineResources/Black.uasset" 124
"../../../Engine/Content/EngineResources/Black.uexp" 125
"../../../Engine/Content/EditorResources/S_Actor.ubulk" 126
"../../../Engine/Content/EditorResources/S_Actor.uasset" 127
"../../../Engine/Content/EditorResources/S_Actor.uexp" 128
"../../../Engine/Content/EditorResources/S_Trigger.ubulk" 129
"../../../Engine/Content/EditorResources/S_Trigger.uasset" 130
"../../../Engine/Content/EditorResources/S_Trigger.uexp" 131
"../../../Engine/Content/EditorResources/S_BoxReflectionCapture.uasset" 132
"../../../Engine/Content/EditorResources/S_BoxReflectionCapture.uexp" 133
"../../../Engine/Content/EngineResources/DefaultTexture.ubulk" 134
"../../../Engine/Content/EngineResources/DefaultTexture.uasset" 135
"../../../Engine/Content/EngineResources/DefaultTexture.uexp" 136
"../../../Engine/Content/EditorResources/S_TriggerBox.uasset" 137
"../../../Engine/Content/EditorResources/S_TriggerBox.uexp" 138
"../../../Engine/Content/EditorResources/S_TriggerCapsule.uasset" 139
"../../../Engine/Content/EditorResources/S_TriggerCapsule.uexp" 140
"../../../Engine/Content/EditorResources/S_TriggerSphere.uasset" 141
"../../../Engine/Content/EditorResources/S_TriggerSphere.uexp" 142
"../../../Engine/Plugins/NNE/NNEDenoiser/Content/NNEDTOM_Output_Default.uasset" 143
"../../../Engine/Plugins/NNE/NNEDenoiser/Content/NNEDTOM_Output_Default.uexp" 144
"../../../Engine/Plugins/NNE/NNEDenoiser/Content/NNEDTOM_Output_Alpha.uasset" 145
"../../../Engine/Plugins/NNE/NNEDenoiser/Content/NNEDTOM_Output_Alpha.uexp" 146
"../../../Engine/Plugins/NNE/NNEDenoiser/Content/NNEDTIM_ColorAlbedoNormal_Default.uasset" 147
"../../../Engine/Plugins/NNE/NNEDenoiser/Content/NNEDTIM_ColorAlbedoNormal_Default.uexp" 148
"../../../Engine/Plugins/NNE/NNEDenoiser/Content/NNEDTIM_ColorAlbedoNormal_Alpha.uasset" 149
"../../../Engine/Plugins/NNE/NNEDenoiser/Content/NNEDTIM_ColorAlbedoNormal_Alpha.uexp" 150
"../../../Engine/Plugins/NNE/NNEDenoiser/Content/NNEDOM_Output_Default.uasset" 151
"../../../Engine/Plugins/NNE/NNEDenoiser/Content/NNEDOM_Output_Default.uexp" 152
"../../../Engine/Plugins/NNE/NNEDenoiser/Content/NNEDOM_Output_Alpha.uasset" 153
"../../../Engine/Plugins/NNE/NNEDenoiser/Content/NNEDOM_Output_Alpha.uexp" 154
"../../../Engine/Plugins/NNE/NNEDenoiser/Content/NNEDIM_HighQuality_Default.uasset" 155
"../../../Engine/Plugins/NNE/NNEDenoiser/Content/NNEDIM_HighQuality_Default.uexp" 156
"../../../Engine/Plugins/NNE/NNEDenoiser/Content/NNEDIM_HighQuality_Alpha.uasset" 157
"../../../Engine/Plugins/NNE/NNEDenoiser/Content/NNEDIM_HighQuality_Alpha.uexp" 158
"../../../Engine/Plugins/NNE/NNEDenoiser/Content/NNEDIM_ColorAlbedoNormal_Default.uasset" 159
"../../../Engine/Plugins/NNE/NNEDenoiser/Content/NNEDIM_ColorAlbedoNormal_Default.uexp" 160
"../../../Engine/Plugins/NNE/NNEDenoiser/Content/NNEDIM_ColorAlbedoNormal_Alpha.uasset" 161
"../../../Engine/Plugins/NNE/NNEDenoiser/Content/NNEDIM_ColorAlbedoNormal_Alpha.uexp" 162
"../../../Engine/Content/EngineMaterials/T_Default_Material_Grid_M.ubulk" 163
"../../../Engine/Content/EngineMaterials/T_Default_Material_Grid_M.uasset" 164
"../../../Engine/Content/EngineMaterials/T_Default_Material_Grid_M.uexp" 165
"../../../Engine/Content/Functions/Engine_MaterialFunctions01/Opacity/CameraDepthFade.uasset" 166
"../../../Engine/Content/Functions/Engine_MaterialFunctions01/Opacity/CameraDepthFade.uexp" 167
"../../../Engine/Content/EngineMaterials/T_Default_Material_Grid_N.ubulk" 168
"../../../Engine/Content/EngineMaterials/T_Default_Material_Grid_N.uasset" 169
"../../../Engine/Content/EngineMaterials/T_Default_Material_Grid_N.uexp" 170
"../../../Engine/Content/EngineMaterials/WorldGridMaterial.uasset" 171
"../../../Engine/Content/EngineMaterials/WorldGridMaterial.uexp" 172
"../../../Engine/Plugins/Media/MediaPlate/Content/SM_MediaPlateScreen.ubulk" 173
"../../../Engine/Plugins/Media/MediaPlate/Content/SM_MediaPlateScreen.uasset" 174
"../../../Engine/Plugins/Media/MediaPlate/Content/SM_MediaPlateScreen.uexp" 175
"../../../Engine/Content/Functions/Engine_MaterialFunctions02/WorldPositionOffset/CameraOffset.uasset" 176
"../../../Engine/Content/Functions/Engine_MaterialFunctions02/WorldPositionOffset/CameraOffset.uexp" 177
"../../../Engine/Plugins/Animation/ControlRig/Content/M_Manip.uasset" 178
"../../../Engine/Plugins/Animation/ControlRig/Content/M_Manip.uexp" 179
"../../../Engine/Plugins/VirtualProduction/CameraCalibrationCore/Content/Materials/M_DefaultOddSquare.uasset" 180
"../../../Engine/Plugins/VirtualProduction/CameraCalibrationCore/Content/Materials/M_DefaultOddSquare.uexp" 181
"../../../Engine/Plugins/VirtualProduction/CameraCalibrationCore/Content/Materials/M_DefaultEvenSquare.uasset" 182
"../../../Engine/Plugins/VirtualProduction/CameraCalibrationCore/Content/Materials/M_DefaultEvenSquare.uexp" 183
"../../../Engine/Plugins/Runtime/HairStrands/Content/Materials/HairMeshesDefaultMaterial.uasset" 184
"../../../Engine/Plugins/Runtime/HairStrands/Content/Materials/HairMeshesDefaultMaterial.uexp" 185
"../../../Engine/Plugins/Runtime/HairStrands/Content/Materials/HairDefaultMaterial.uasset" 186
"../../../Engine/Plugins/Runtime/HairStrands/Content/Materials/HairDefaultMaterial.uexp" 187
"../../../Engine/Content/Functions/Engine_MaterialFunctions02/Utility/MakeFloat2.uasset" 188
"../../../Engine/Content/Functions/Engine_MaterialFunctions02/Utility/MakeFloat2.uexp" 189
"../../../Engine/Content/Functions/Engine_MaterialFunctions02/Utility/MakeFloat3.uasset" 190
"../../../Engine/Content/Functions/Engine_MaterialFunctions02/Utility/MakeFloat3.uexp" 191
"../../../Engine/Content/EngineMaterials/HairDebugColor.uasset" 192
"../../../Engine/Content/EngineMaterials/HairDebugColor.uexp" 193
"../../../Engine/Content/EngineMaterials/HairColorMap.uasset" 194
"../../../Engine/Content/EngineMaterials/HairColorMap.uexp" 195
"../../../Engine/Plugins/Runtime/HairStrands/Content/Materials/HairGroupColors.uasset" 196
"../../../Engine/Plugins/Runtime/HairStrands/Content/Materials/HairGroupColors.uexp" 197
"../../../Engine/Plugins/Runtime/HairStrands/Content/Materials/HairDebugMaterial.uasset" 198
"../../../Engine/Plugins/Runtime/HairStrands/Content/Materials/HairDebugMaterial.uexp" 199
"../../../Engine/Plugins/Runtime/HairStrands/Content/Materials/HairCardsDefaultMaterial.uasset" 200
"../../../Engine/Plugins/Runtime/HairStrands/Content/Materials/HairCardsDefaultMaterial.uexp" 201
"../../../Engine/Plugins/Runtime/AudioWidgets/Content/Resources/ScrubHandleDown_Clamped.uasset" 202
"../../../Engine/Plugins/Runtime/AudioWidgets/Content/Resources/ScrubHandleDown_Clamped.uexp" 203
"../../../Engine/Plugins/Interchange/Assets/Content/Functions/MX_UsdPreviewSurface.uasset" 204
"../../../Engine/Plugins/Interchange/Assets/Content/Functions/MX_UsdPreviewSurface.uexp" 205
"../../../Engine/Plugins/Interchange/Assets/Content/Functions/MX_UniformEDF.uasset" 206
"../../../Engine/Plugins/Interchange/Assets/Content/Functions/MX_UniformEDF.uexp" 207
"../../../Engine/Plugins/Interchange/Assets/Content/Functions/MX_TranslucentBSDF.uasset" 208
"../../../Engine/Plugins/Interchange/Assets/Content/Functions/MX_TranslucentBSDF.uexp" 209
"../../../Engine/Plugins/Interchange/Assets/Content/Functions/MX_ThinFilmBSDF.uasset" 210
"../../../Engine/Plugins/Interchange/Assets/Content/Functions/MX_ThinFilmBSDF.uexp" 211
"../../../Engine/Plugins/Interchange/Assets/Content/Functions/MX_SurfaceUnlit.uasset" 212
"../../../Engine/Plugins/Interchange/Assets/Content/Functions/MX_SurfaceUnlit.uexp" 213
"../../../Engine/Plugins/Interchange/Assets/Content/Functions/MX_Surface.uasset" 214
"../../../Engine/Plugins/Interchange/Assets/Content/Functions/MX_Surface.uexp" 215
"../../../Engine/Plugins/Interchange/Assets/Content/Functions/MX_SubsurfaceBSDF.uasset" 216
"../../../Engine/Plugins/Interchange/Assets/Content/Functions/MX_SubsurfaceBSDF.uexp" 217
"../../../Engine/Plugins/Interchange/Assets/Content/Functions/MX_SheenBSDF.uasset" 218
"../../../Engine/Plugins/Interchange/Assets/Content/Functions/MX_SheenBSDF.uexp" 219
"../../../Engine/Plugins/Interchange/Assets/Content/Functions/MX_OrenNayarBSDF.uasset" 220
"../../../Engine/Plugins/Interchange/Assets/Content/Functions/MX_OrenNayarBSDF.uexp" 221
"../../../Engine/Plugins/Interchange/Assets/Content/Functions/MF_IridescenceNoLUT.uasset" 222
"../../../Engine/Plugins/Interchange/Assets/Content/Functions/MF_IridescenceNoLUT.uexp" 223
"../../../Engine/Plugins/Interchange/Assets/Content/Functions/MX_StandardSurface.uasset" 224
"../../../Engine/Plugins/Interchange/Assets/Content/Functions/MX_StandardSurface.uexp" 225
"../../../Engine/Plugins/Interchange/Assets/Content/Functions/MX_TransmissionSurface.uasset" 226
"../../../Engine/Plugins/Interchange/Assets/Content/Functions/MX_TransmissionSurface.uexp" 227
"../../../Engine/Plugins/Interchange/Assets/Content/Functions/MX_OpenPBR_Translucent.uasset" 228
"../../../Engine/Plugins/Interchange/Assets/Content/Functions/MX_OpenPBR_Translucent.uexp" 229
"../../../Engine/Plugins/Interchange/Assets/Content/Functions/MX_OpenPBR_Opaque.uasset" 230
"../../../Engine/Plugins/Interchange/Assets/Content/Functions/MX_OpenPBR_Opaque.uexp" 231
"../../../Engine/Plugins/Interchange/Assets/Content/Functions/MX_MeasuredEDF.uasset" 232
"../../../Engine/Plugins/Interchange/Assets/Content/Functions/MX_MeasuredEDF.uexp" 233
"../../../Engine/Plugins/Interchange/Assets/Content/Functions/MX_GeneralizedSchlickBSDF.uasset" 234
"../../../Engine/Plugins/Interchange/Assets/Content/Functions/MX_GeneralizedSchlickBSDF.uexp" 235
"../../../Engine/Plugins/Interchange/Assets/Content/Functions/MX_Displacement.uasset" 236
"../../../Engine/Plugins/Interchange/Assets/Content/Functions/MX_Displacement.uexp" 237
"../../../Engine/Plugins/Interchange/Assets/Content/Functions/MX_DielectricBSDF.uasset" 238
"../../../Engine/Plugins/Interchange/Assets/Content/Functions/MX_DielectricBSDF.uexp" 239
"../../../Engine/Plugins/Interchange/Assets/Content/Functions/MX_ConicalEDF.uasset" 240
"../../../Engine/Plugins/Interchange/Assets/Content/Functions/MX_ConicalEDF.uexp" 241
"../../../Engine/Plugins/Interchange/Assets/Content/Functions/MX_ConductorBSDF.uasset" 242
"../../../Engine/Plugins/Interchange/Assets/Content/Functions/MX_ConductorBSDF.uexp" 243
"../../../Engine/Plugins/Interchange/Assets/Content/Functions/MX_BurleyDiffuseBSDF.uasset" 244
"../../../Engine/Plugins/Interchange/Assets/Content/Functions/MX_BurleyDiffuseBSDF.uexp" 245
"../../../Engine/Plugins/Interchange/Assets/Content/Functions/MX_AnisotropicVDF.uasset" 246
"../../../Engine/Plugins/Interchange/Assets/Content/Functions/MX_AnisotropicVDF.uexp" 247
"../../../Engine/Plugins/Interchange/Assets/Content/Functions/MX_AbsorptionVDF.uasset" 248
"../../../Engine/Plugins/Interchange/Assets/Content/Functions/MX_AbsorptionVDF.uexp" 249
"../../../Engine/Content/Functions/Engine_MaterialFunctions02/Utility/BreakOutFloat4Components.uasset" 250
"../../../Engine/Content/Functions/Engine_MaterialFunctions02/Utility/BreakOutFloat4Components.uexp" 251
"../../../Engine/Content/Functions/Engine_MaterialFunctions02/Utility/BreakOutFloat2Components.uasset" 252
"../../../Engine/Content/Functions/Engine_MaterialFunctions02/Utility/BreakOutFloat2Components.uexp" 253
"../../../Engine/Content/Functions/Engine_MaterialFunctions02/Utility/MakeFloat4.uasset" 254
"../../../Engine/Content/Functions/Engine_MaterialFunctions02/Utility/MakeFloat4.uexp" 255
"../../../Engine/Content/Functions/Engine_MaterialFunctions01/Texturing/ScaleUVsByCenter.uasset" 256
"../../../Engine/Content/Functions/Engine_MaterialFunctions01/Texturing/ScaleUVsByCenter.uexp" 257
"../../../Engine/Content/EngineResources/WhiteSquareTexture.uasset" 258
"../../../Engine/Content/EngineResources/WhiteSquareTexture.uexp" 259
"../../../Engine/Content/EngineMaterials/DefaultWhiteGrid.ubulk" 260
"../../../Engine/Content/EngineMaterials/DefaultWhiteGrid.uasset" 261
"../../../Engine/Content/EngineMaterials/DefaultWhiteGrid.uexp" 262
"../../../Engine/Content/Functions/Engine_MaterialFunctions01/Gradient/LinearGradient.uasset" 263
"../../../Engine/Content/Functions/Engine_MaterialFunctions01/Gradient/LinearGradient.uexp" 264
"../../../Engine/Plugins/VirtualProduction/GeometryMask/Content/GeometryMask/MF_ApplyMaskFeather.uasset" 265
"../../../Engine/Plugins/VirtualProduction/GeometryMask/Content/GeometryMask/MF_ApplyMaskFeather.uexp" 266
"../../../Engine/Plugins/VirtualProduction/GeometryMask/Content/GeometryMask/MF_ApplyGeometryMask.uasset" 267
"../../../Engine/Plugins/VirtualProduction/GeometryMask/Content/GeometryMask/MF_ApplyGeometryMask.uexp" 268
"../../../Engine/Plugins/VirtualProduction/GeometryMask/Content/GeometryMask/MF_ApplyMask2D.uasset" 269
"../../../Engine/Plugins/VirtualProduction/GeometryMask/Content/GeometryMask/MF_ApplyMask2D.uexp" 270
"../../../Engine/Plugins/VirtualProduction/GeometryMask/Content/GeometryMask/MF_ApplyMask2D_Single.uasset" 271
"../../../Engine/Plugins/VirtualProduction/GeometryMask/Content/GeometryMask/MF_ApplyMask2D_Single.uexp" 272
"../../../Engine/Plugins/Experimental/Text3D/Content/MaterialFunctions/MF_Text3DTexture.uasset" 273
"../../../Engine/Plugins/Experimental/Text3D/Content/MaterialFunctions/MF_Text3DTexture.uexp" 274
"../../../Engine/Plugins/Experimental/Text3D/Content/MaterialFunctions/MF_Text3DLinearGradient.uasset" 275
"../../../Engine/Plugins/Experimental/Text3D/Content/MaterialFunctions/MF_Text3DLinearGradient.uexp" 276
"../../../Engine/Plugins/Experimental/Text3D/Content/MaterialFunctions/MF_Text3DMask.uasset" 277
"../../../Engine/Plugins/Experimental/Text3D/Content/MaterialFunctions/MF_Text3DMask.uexp" 278
"../../../Engine/Plugins/Experimental/Text3D/Content/MaterialFunctions/MF_Text3DGradient.uasset" 279
"../../../Engine/Plugins/Experimental/Text3D/Content/MaterialFunctions/MF_Text3DGradient.uexp" 280
"../../../Engine/Plugins/Experimental/Text3D/Content/Materials/M_Text3DOpaqueUnlit.uasset" 281
"../../../Engine/Plugins/Experimental/Text3D/Content/Materials/M_Text3DOpaqueUnlit.uexp" 282
"../../../Engine/Content/Functions/Engine_MaterialFunctions02/Utility/BreakOutFloat3Components.uasset" 283
"../../../Engine/Content/Functions/Engine_MaterialFunctions02/Utility/BreakOutFloat3Components.uexp" 284
"../../../Engine/Content/Functions/Engine_MaterialFunctions02/Utility/VectorLength.uasset" 285
"../../../Engine/Content/Functions/Engine_MaterialFunctions02/Utility/VectorLength.uexp" 286
"../../../Engine/Content/Functions/Engine_MaterialFunctions02/WorldPositionOffset/ObjectScale.uasset" 287
"../../../Engine/Content/Functions/Engine_MaterialFunctions02/WorldPositionOffset/ObjectScale.uexp" 288
"../../../Engine/Plugins/Editor/SpeedTreeImporter/Content/SpeedTree9/UnpackInteger3.uasset" 289
"../../../Engine/Plugins/Editor/SpeedTreeImporter/Content/SpeedTree9/UnpackInteger3.uexp" 290
"../../../Engine/Plugins/Editor/SpeedTreeImporter/Content/SpeedTree9/UnpackDirection.uasset" 291
"../../../Engine/Plugins/Editor/SpeedTreeImporter/Content/SpeedTree9/UnpackDirection.uexp" 292
"../../../Engine/Content/Functions/Engine_MaterialFunctions02/SafeNormalize.uasset" 293
"../../../Engine/Content/Functions/Engine_MaterialFunctions02/SafeNormalize.uexp" 294
"../../../Engine/Plugins/Editor/SpeedTreeImporter/Content/SpeedTree9/game_wind_noise.ubulk" 295
"../../../Engine/Plugins/Editor/SpeedTreeImporter/Content/SpeedTree9/game_wind_noise.uasset" 296
"../../../Engine/Plugins/Editor/SpeedTreeImporter/Content/SpeedTree9/game_wind_noise.uexp" 297
"../../../Engine/Plugins/Editor/SpeedTreeImporter/Content/SpeedTree9/SpeedTreeWindMotion.uasset" 298
"../../../Engine/Plugins/Editor/SpeedTreeImporter/Content/SpeedTree9/SpeedTreeWindMotion.uexp" 299
"../../../Engine/Plugins/Editor/SpeedTreeImporter/Content/SpeedTree9/SpeedTreeBranchMotion.uasset" 300
"../../../Engine/Plugins/Editor/SpeedTreeImporter/Content/SpeedTree9/SpeedTreeBranchMotion.uexp" 301
"../../../Engine/Content/Functions/Engine_MaterialFunctions02/ObjectLocalBounds.uasset" 302
"../../../Engine/Content/Functions/Engine_MaterialFunctions02/ObjectLocalBounds.uexp" 303
"../../../Engine/Content/Functions/Engine_MaterialFunctions02/UVs/BoundingBoxBased_0-1_UVW.uasset" 304
"../../../Engine/Content/Functions/Engine_MaterialFunctions02/UVs/BoundingBoxBased_0-1_UVW.uexp" 305
"../../../Engine/Plugins/Editor/SpeedTreeImporter/Content/SpeedTree9/SpeedTreeWind.uasset" 306
"../../../Engine/Plugins/Editor/SpeedTreeImporter/Content/SpeedTree9/SpeedTreeWind.uexp" 307
"../../../Engine/Plugins/Editor/SpeedTreeImporter/Content/SpeedTree9/SpeedTreeCameraFacing.uasset" 308
"../../../Engine/Plugins/Editor/SpeedTreeImporter/Content/SpeedTree9/SpeedTreeCameraFacing.uexp" 309
"../../../Engine/Plugins/Editor/SpeedTreeImporter/Content/SpeedTree9/EmptyNormal.uasset" 310
"../../../Engine/Plugins/Editor/SpeedTreeImporter/Content/SpeedTree9/EmptyNormal.uexp" 311
"../../../Engine/Plugins/Editor/SpeedTreeImporter/Content/SpeedTree9/Empty.uasset" 312
"../../../Engine/Plugins/Editor/SpeedTreeImporter/Content/SpeedTree9/Empty.uexp" 313
"../../../Engine/Plugins/Editor/SpeedTreeImporter/Content/SpeedTree9/SpeedTreeMaster.uasset" 314
"../../../Engine/Plugins/Editor/SpeedTreeImporter/Content/SpeedTree9/SpeedTreeMaster.uexp" 315
"../../../Engine/Plugins/Editor/SpeedTreeImporter/Content/SpeedTree9/SpeedTreeBillboard.uasset" 316
"../../../Engine/Plugins/Editor/SpeedTreeImporter/Content/SpeedTree9/SpeedTreeBillboard.uexp" 317
"../../../Engine/Plugins/Editor/SpeedTreeImporter/Content/SpeedTree9/SpeedTreeBillboardMaster.uasset" 318
"../../../Engine/Plugins/Editor/SpeedTreeImporter/Content/SpeedTree9/SpeedTreeBillboardMaster.uexp" 319
"../../../Engine/Plugins/Animation/ControlRig/Content/Controls/ControlRig_Wedge_solid.ubulk" 320
"../../../Engine/Plugins/Animation/ControlRig/Content/Controls/ControlRig_Wedge_solid.uasset" 321
"../../../Engine/Plugins/Animation/ControlRig/Content/Controls/ControlRig_Wedge_solid.uexp" 322
"../../../Engine/Plugins/Animation/ControlRig/Content/Controls/ControlRig_Wedge_3mm.ubulk" 323
"../../../Engine/Plugins/Animation/ControlRig/Content/Controls/ControlRig_Wedge_3mm.uasset" 324
"../../../Engine/Plugins/Animation/ControlRig/Content/Controls/ControlRig_Wedge_3mm.uexp" 325
"../../../Engine/Plugins/Animation/ControlRig/Content/Controls/ControlRig_Wedge_1mm.ubulk" 326
"../../../Engine/Plugins/Animation/ControlRig/Content/Controls/ControlRig_Wedge_1mm.uasset" 327
"../../../Engine/Plugins/Animation/ControlRig/Content/Controls/ControlRig_Wedge_1mm.uexp" 328
"../../../Engine/Plugins/Animation/ControlRig/Content/Controls/ControlRig_Triangle_solid.ubulk" 329
"../../../Engine/Plugins/Animation/ControlRig/Content/Controls/ControlRig_Triangle_solid.uasset" 330
"../../../Engine/Plugins/Animation/ControlRig/Content/Controls/ControlRig_Triangle_solid.uexp" 331
"../../../Engine/Plugins/Animation/ControlRig/Content/Controls/ControlRig_Triangle_3mm.ubulk" 332
"../../../Engine/Plugins/Animation/ControlRig/Content/Controls/ControlRig_Triangle_3mm.uasset" 333
"../../../Engine/Plugins/Animation/ControlRig/Content/Controls/ControlRig_Triangle_3mm.uexp" 334
"../../../Engine/Plugins/Animation/ControlRig/Content/Controls/ControlRig_Triangle_1mm.ubulk" 335
"../../../Engine/Plugins/Animation/ControlRig/Content/Controls/ControlRig_Triangle_1mm.uasset" 336
"../../../Engine/Plugins/Animation/ControlRig/Content/Controls/ControlRig_Triangle_1mm.uexp" 337
"../../../Engine/Plugins/Animation/ControlRig/Content/Controls/ControlRig_Star4_solid.ubulk" 338
"../../../Engine/Plugins/Animation/ControlRig/Content/Controls/ControlRig_Star4_solid.uasset" 339
"../../../Engine/Plugins/Animation/ControlRig/Content/Controls/ControlRig_Star4_solid.uexp" 340
"../../../Engine/Plugins/Animation/ControlRig/Content/Controls/ControlRig_Star4_3mm.ubulk" 341
"../../../Engine/Plugins/Animation/ControlRig/Content/Controls/ControlRig_Star4_3mm.uasset" 342
"../../../Engine/Plugins/Animation/ControlRig/Content/Controls/ControlRig_Star4_3mm.uexp" 343
"../../../Engine/Plugins/Animation/ControlRig/Content/Controls/ControlRig_Star4_1mm.ubulk" 344
"../../../Engine/Plugins/Animation/ControlRig/Content/Controls/ControlRig_Star4_1mm.uasset" 345
"../../../Engine/Plugins/Animation/ControlRig/Content/Controls/ControlRig_Star4_1mm.uexp" 346
"../../../Engine/Plugins/Animation/ControlRig/Content/Controls/ControlRig_Square_solid.ubulk" 347
"../../../Engine/Plugins/Animation/ControlRig/Content/Controls/ControlRig_Square_solid.uasset" 348
"../../../Engine/Plugins/Animation/ControlRig/Content/Controls/ControlRig_Square_solid.uexp" 349
"../../../Engine/Plugins/Animation/ControlRig/Content/Controls/ControlRig_Square_3mm.ubulk" 350
"../../../Engine/Plugins/Animation/ControlRig/Content/Controls/ControlRig_Square_3mm.uasset" 351
"../../../Engine/Plugins/Animation/ControlRig/Content/Controls/ControlRig_Square_3mm.uexp" 352
"../../../Engine/Plugins/Animation/ControlRig/Content/Controls/ControlRig_Square_1mm.ubulk" 353
"../../../Engine/Plugins/Animation/ControlRig/Content/Controls/ControlRig_Square_1mm.uasset" 354
"../../../Engine/Plugins/Animation/ControlRig/Content/Controls/ControlRig_Square_1mm.uexp" 355
"../../../Engine/Plugins/Animation/ControlRig/Content/Controls/ControlRig_Sphere_solid.ubulk" 356
"../../../Engine/Plugins/Animation/ControlRig/Content/Controls/ControlRig_Sphere_solid.uasset" 357
"../../../Engine/Plugins/Animation/ControlRig/Content/Controls/ControlRig_Sphere_solid.uexp" 358
"../../../Engine/Plugins/Animation/ControlRig/Content/Controls/ControlRig_Sphere_3mm.ubulk" 359
"../../../Engine/Plugins/Animation/ControlRig/Content/Controls/ControlRig_Sphere_3mm.uasset" 360
"../../../Engine/Plugins/Animation/ControlRig/Content/Controls/ControlRig_Sphere_3mm.uexp" 361
"../../../Engine/Plugins/Animation/ControlRig/Content/Controls/ControlRig_Sphere_1mm.ubulk" 362
"../../../Engine/Plugins/Animation/ControlRig/Content/Controls/ControlRig_Sphere_1mm.uasset" 363
"../../../Engine/Plugins/Animation/ControlRig/Content/Controls/ControlRig_Sphere_1mm.uexp" 364
"../../../Engine/Plugins/Animation/ControlRig/Content/Controls/ControlRig_RoundedTriangle_solid.ubulk" 365
"../../../Engine/Plugins/Animation/ControlRig/Content/Controls/ControlRig_RoundedTriangle_solid.uasset" 366
"../../../Engine/Plugins/Animation/ControlRig/Content/Controls/ControlRig_RoundedTriangle_solid.uexp" 367
"../../../Engine/Plugins/Animation/ControlRig/Content/Controls/ControlRig_RoundedTriangle_3mm.ubulk" 368
"../../../Engine/Plugins/Animation/ControlRig/Content/Controls/ControlRig_RoundedTriangle_3mm.uasset" 369
"../../../Engine/Plugins/Animation/ControlRig/Content/Controls/ControlRig_RoundedTriangle_3mm.uexp" 370
"../../../Engine/Plugins/Animation/ControlRig/Content/Controls/ControlRig_RoundedTriangle_1mm.ubulk" 371
"../../../Engine/Plugins/Animation/ControlRig/Content/Controls/ControlRig_RoundedTriangle_1mm.uasset" 372
"../../../Engine/Plugins/Animation/ControlRig/Content/Controls/ControlRig_RoundedTriangle_1mm.uexp" 373
"../../../Engine/Plugins/Animation/ControlRig/Content/Controls/ControlRig_RoundedSquare_solid.ubulk" 374
"../../../Engine/Plugins/Animation/ControlRig/Content/Controls/ControlRig_RoundedSquare_solid.uasset" 375
"../../../Engine/Plugins/Animation/ControlRig/Content/Controls/ControlRig_RoundedSquare_solid.uexp" 376
"../../../Engine/Plugins/Animation/ControlRig/Content/Controls/ControlRig_RoundedSquare_3mm.ubulk" 377
"../../../Engine/Plugins/Animation/ControlRig/Content/Controls/ControlRig_RoundedSquare_3mm.uasset" 378
"../../../Engine/Plugins/Animation/ControlRig/Content/Controls/ControlRig_RoundedSquare_3mm.uexp" 379
"../../../Engine/Plugins/Animation/ControlRig/Content/Controls/ControlRig_RoundedSquare_1mm.ubulk" 380
"../../../Engine/Plugins/Animation/ControlRig/Content/Controls/ControlRig_RoundedSquare_1mm.uasset" 381
"../../../Engine/Plugins/Animation/ControlRig/Content/Controls/ControlRig_RoundedSquare_1mm.uexp" 382
"../../../Engine/Plugins/Animation/ControlRig/Content/Controls/ControlRig_QuarterCircle_solid.ubulk" 383
"../../../Engine/Plugins/Animation/ControlRig/Content/Controls/ControlRig_QuarterCircle_solid.uasset" 384
"../../../Engine/Plugins/Animation/ControlRig/Content/Controls/ControlRig_QuarterCircle_solid.uexp" 385
"../../../Engine/Plugins/Animation/ControlRig/Content/Controls/ControlRig_QuarterCircle_3mm.ubulk" 386
"../../../Engine/Plugins/Animation/ControlRig/Content/Controls/ControlRig_QuarterCircle_3mm.uasset" 387
"../../../Engine/Plugins/Animation/ControlRig/Content/Controls/ControlRig_QuarterCircle_3mm.uexp" 388
"../../../Engine/Plugins/Animation/ControlRig/Content/Controls/ControlRig_QuarterCircle_1mm.ubulk" 389
"../../../Engine/Plugins/Animation/ControlRig/Content/Controls/ControlRig_QuarterCircle_1mm.uasset" 390
"../../../Engine/Plugins/Animation/ControlRig/Content/Controls/ControlRig_QuarterCircle_1mm.uexp" 391
"../../../Engine/Plugins/Animation/ControlRig/Content/Controls/ControlRig_Pyramid_solid.ubulk" 392
"../../../Engine/Plugins/Animation/ControlRig/Content/Controls/ControlRig_Pyramid_solid.uasset" 393
"../../../Engine/Plugins/Animation/ControlRig/Content/Controls/ControlRig_Pyramid_solid.uexp" 394
"../../../Engine/Plugins/Animation/ControlRig/Content/Controls/ControlRig_Pyramid_3mm.ubulk" 395
"../../../Engine/Plugins/Animation/ControlRig/Content/Controls/ControlRig_Pyramid_3mm.uasset" 396
"../../../Engine/Plugins/Animation/ControlRig/Content/Controls/ControlRig_Pyramid_3mm.uexp" 397
"../../../Engine/Plugins/Animation/ControlRig/Content/Controls/ControlRig_Pyramid_1mm.ubulk" 398
"../../../Engine/Plugins/Animation/ControlRig/Content/Controls/ControlRig_Pyramid_1mm.uasset" 399
"../../../Engine/Plugins/Animation/ControlRig/Content/Controls/ControlRig_Pyramid_1mm.uexp" 400
"../../../Engine/Plugins/Animation/ControlRig/Content/Controls/ControlRig_Octagon_solid.ubulk" 401
"../../../Engine/Plugins/Animation/ControlRig/Content/Controls/ControlRig_Octagon_solid.uasset" 402
"../../../Engine/Plugins/Animation/ControlRig/Content/Controls/ControlRig_Octagon_solid.uexp" 403
"../../../Engine/Plugins/Animation/ControlRig/Content/Controls/ControlRig_Octagon_3mm.ubulk" 404
"../../../Engine/Plugins/Animation/ControlRig/Content/Controls/ControlRig_Octagon_3mm.uasset" 405
"../../../Engine/Plugins/Animation/ControlRig/Content/Controls/ControlRig_Octagon_3mm.uexp" 406
"../../../Engine/Plugins/Animation/ControlRig/Content/Controls/ControlRig_Octagon_1mm.ubulk" 407
"../../../Engine/Plugins/Animation/ControlRig/Content/Controls/ControlRig_Octagon_1mm.uasset" 408
"../../../Engine/Plugins/Animation/ControlRig/Content/Controls/ControlRig_Octagon_1mm.uexp" 409
"../../../Engine/Plugins/Animation/ControlRig/Content/Controls/ControlRig_Hexagon_solid.ubulk" 410
"../../../Engine/Plugins/Animation/ControlRig/Content/Controls/ControlRig_Hexagon_solid.uasset" 411
"../../../Engine/Plugins/Animation/ControlRig/Content/Controls/ControlRig_Hexagon_solid.uexp" 412
"../../../Engine/Plugins/Animation/ControlRig/Content/Controls/ControlRig_Hexagon_3mm.ubulk" 413
"../../../Engine/Plugins/Animation/ControlRig/Content/Controls/ControlRig_Hexagon_3mm.uasset" 414
"../../../Engine/Plugins/Animation/ControlRig/Content/Controls/ControlRig_Hexagon_3mm.uexp" 415
"../../../Engine/Plugins/Animation/ControlRig/Content/Controls/ControlRig_Hexagon_1mm.ubulk" 416
"../../../Engine/Plugins/Animation/ControlRig/Content/Controls/ControlRig_Hexagon_1mm.uasset" 417
"../../../Engine/Plugins/Animation/ControlRig/Content/Controls/ControlRig_Hexagon_1mm.uexp" 418
"../../../Engine/Plugins/Animation/ControlRig/Content/Controls/ControlRig_HalfCircle_solid.ubulk" 419
"../../../Engine/Plugins/Animation/ControlRig/Content/Controls/ControlRig_HalfCircle_solid.uasset" 420
"../../../Engine/Plugins/Animation/ControlRig/Content/Controls/ControlRig_HalfCircle_solid.uexp" 421
"../../../Engine/Plugins/Animation/ControlRig/Content/Controls/ControlRig_HalfCircle_3mm.ubulk" 422
"../../../Engine/Plugins/Animation/ControlRig/Content/Controls/ControlRig_HalfCircle_3mm.uasset" 423
"../../../Engine/Plugins/Animation/ControlRig/Content/Controls/ControlRig_HalfCircle_3mm.uexp" 424
"../../../Engine/Plugins/Animation/ControlRig/Content/Controls/ControlRig_HalfCircle_1mm.ubulk" 425
"../../../Engine/Plugins/Animation/ControlRig/Content/Controls/ControlRig_HalfCircle_1mm.uasset" 426
"../../../Engine/Plugins/Animation/ControlRig/Content/Controls/ControlRig_HalfCircle_1mm.uexp" 427
"../../../Engine/Plugins/Animation/ControlRig/Content/Controls/ControlRig_Diamond_solid.ubulk" 428
"../../../Engine/Plugins/Animation/ControlRig/Content/Controls/ControlRig_Diamond_solid.uasset" 429
"../../../Engine/Plugins/Animation/ControlRig/Content/Controls/ControlRig_Diamond_solid.uexp" 430
"../../../Engine/Plugins/Animation/ControlRig/Content/Controls/ControlRig_Diamond_3mm.ubulk" 431
"../../../Engine/Plugins/Animation/ControlRig/Content/Controls/ControlRig_Diamond_3mm.uasset" 432
"../../../Engine/Plugins/Animation/ControlRig/Content/Controls/ControlRig_Diamond_3mm.uexp" 433
"../../../Engine/Plugins/Animation/ControlRig/Content/Controls/ControlRig_Diamond_1mm.ubulk" 434
"../../../Engine/Plugins/Animation/ControlRig/Content/Controls/ControlRig_Diamond_1mm.uasset" 435
"../../../Engine/Plugins/Animation/ControlRig/Content/Controls/ControlRig_Diamond_1mm.uexp" 436
"../../../Engine/Plugins/Animation/ControlRig/Content/Controls/ControlRig_Circle_solid.ubulk" 437
"../../../Engine/Plugins/Animation/ControlRig/Content/Controls/ControlRig_Circle_solid.uasset" 438
"../../../Engine/Plugins/Animation/ControlRig/Content/Controls/ControlRig_Circle_solid.uexp" 439
"../../../Engine/Plugins/Animation/ControlRig/Content/Controls/ControlRig_Circle_3mm.ubulk" 440
"../../../Engine/Plugins/Animation/ControlRig/Content/Controls/ControlRig_Circle_3mm.uasset" 441
"../../../Engine/Plugins/Animation/ControlRig/Content/Controls/ControlRig_Circle_3mm.uexp" 442
"../../../Engine/Plugins/Animation/ControlRig/Content/Controls/ControlRig_Circle_1mm.ubulk" 443
"../../../Engine/Plugins/Animation/ControlRig/Content/Controls/ControlRig_Circle_1mm.uasset" 444
"../../../Engine/Plugins/Animation/ControlRig/Content/Controls/ControlRig_Circle_1mm.uexp" 445
"../../../Engine/Plugins/Animation/ControlRig/Content/Controls/ControlRig_Box_solid.ubulk" 446
"../../../Engine/Plugins/Animation/ControlRig/Content/Controls/ControlRig_Box_solid.uasset" 447
"../../../Engine/Plugins/Animation/ControlRig/Content/Controls/ControlRig_Box_solid.uexp" 448
"../../../Engine/Plugins/Animation/ControlRig/Content/Controls/ControlRig_Box_3mm.ubulk" 449
"../../../Engine/Plugins/Animation/ControlRig/Content/Controls/ControlRig_Box_3mm.uasset" 450
"../../../Engine/Plugins/Animation/ControlRig/Content/Controls/ControlRig_Box_3mm.uexp" 451
"../../../Engine/Plugins/Animation/ControlRig/Content/Controls/ControlRig_Box_1mm.ubulk" 452
"../../../Engine/Plugins/Animation/ControlRig/Content/Controls/ControlRig_Box_1mm.uasset" 453
"../../../Engine/Plugins/Animation/ControlRig/Content/Controls/ControlRig_Box_1mm.uexp" 454
"../../../Engine/Plugins/Animation/ControlRig/Content/Controls/ControlRig_Arrow_solid.ubulk" 455
"../../../Engine/Plugins/Animation/ControlRig/Content/Controls/ControlRig_Arrow_solid.uasset" 456
"../../../Engine/Plugins/Animation/ControlRig/Content/Controls/ControlRig_Arrow_solid.uexp" 457
"../../../Engine/Plugins/Animation/ControlRig/Content/Controls/ControlRig_Arrow_3mm.ubulk" 458
"../../../Engine/Plugins/Animation/ControlRig/Content/Controls/ControlRig_Arrow_3mm.uasset" 459
"../../../Engine/Plugins/Animation/ControlRig/Content/Controls/ControlRig_Arrow_3mm.uexp" 460
"../../../Engine/Plugins/Animation/ControlRig/Content/Controls/ControlRig_Arrow_1mm.ubulk" 461
"../../../Engine/Plugins/Animation/ControlRig/Content/Controls/ControlRig_Arrow_1mm.uasset" 462
"../../../Engine/Plugins/Animation/ControlRig/Content/Controls/ControlRig_Arrow_1mm.uexp" 463
"../../../Engine/Plugins/Animation/ControlRig/Content/Controls/ControlRig_Arrow4_solid.ubulk" 464
"../../../Engine/Plugins/Animation/ControlRig/Content/Controls/ControlRig_Arrow4_solid.uasset" 465
"../../../Engine/Plugins/Animation/ControlRig/Content/Controls/ControlRig_Arrow4_solid.uexp" 466
"../../../Engine/Plugins/Animation/ControlRig/Content/Controls/ControlRig_Arrow4_3mm.ubulk" 467
"../../../Engine/Plugins/Animation/ControlRig/Content/Controls/ControlRig_Arrow4_3mm.uasset" 468
"../../../Engine/Plugins/Animation/ControlRig/Content/Controls/ControlRig_Arrow4_3mm.uexp" 469
"../../../Engine/Plugins/Animation/ControlRig/Content/Controls/ControlRig_Arrow4_1mm.ubulk" 470
"../../../Engine/Plugins/Animation/ControlRig/Content/Controls/ControlRig_Arrow4_1mm.uasset" 471
"../../../Engine/Plugins/Animation/ControlRig/Content/Controls/ControlRig_Arrow4_1mm.uexp" 472
"../../../Engine/Plugins/Animation/ControlRig/Content/Controls/ControlRig_Arrow2_solid.ubulk" 473
"../../../Engine/Plugins/Animation/ControlRig/Content/Controls/ControlRig_Arrow2_solid.uasset" 474
"../../../Engine/Plugins/Animation/ControlRig/Content/Controls/ControlRig_Arrow2_solid.uexp" 475
"../../../Engine/Plugins/Animation/ControlRig/Content/Controls/ControlRig_Arrow2_3mm.ubulk" 476
"../../../Engine/Plugins/Animation/ControlRig/Content/Controls/ControlRig_Arrow2_3mm.uasset" 477
"../../../Engine/Plugins/Animation/ControlRig/Content/Controls/ControlRig_Arrow2_3mm.uexp" 478
"../../../Engine/Plugins/Animation/ControlRig/Content/Controls/ControlRig_Arrow2_1mm.ubulk" 479
"../../../Engine/Plugins/Animation/ControlRig/Content/Controls/ControlRig_Arrow2_1mm.uasset" 480
"../../../Engine/Plugins/Animation/ControlRig/Content/Controls/ControlRig_Arrow2_1mm.uexp" 481
"../../../Engine/Plugins/Animation/ControlRig/Content/Controls/ControlRigXRayMaterial.uasset" 482
"../../../Engine/Plugins/Animation/ControlRig/Content/Controls/ControlRigXRayMaterial.uexp" 483
"../../../Engine/Plugins/Animation/ControlRig/Content/Controls/ControlRigGizmoMaterial.uasset" 484
"../../../Engine/Plugins/Animation/ControlRig/Content/Controls/ControlRigGizmoMaterial.uexp" 485
"../../../Engine/Content/EngineMeshes/Sphere.ubulk" 486
"../../../Engine/Content/EngineMeshes/Sphere.uasset" 487
"../../../Engine/Content/EngineMeshes/Sphere.uexp" 488
"../../../Engine/Content/EngineMaterials/RemoveSurfaceMaterial.uasset" 489
"../../../Engine/Content/EngineMaterials/RemoveSurfaceMaterial.uexp" 490
"../../../Engine/Content/EngineMaterials/PreintegratedSkinBRDF.uasset" 491
"../../../Engine/Content/EngineMaterials/PreintegratedSkinBRDF.uexp" 492
"../../../Engine/Content/EngineMaterials/DefaultCalibrationGrayscale.uasset" 493
"../../../Engine/Content/EngineMaterials/DefaultCalibrationGrayscale.uexp" 494
"../../../Engine/Content/EngineMaterials/PPM_DefaultCalibrationGrayscale.uasset" 495
"../../../Engine/Content/EngineMaterials/PPM_DefaultCalibrationGrayscale.uexp" 496
"../../../Engine/Content/EngineMaterials/DefaultCalibrationColor.uasset" 497
"../../../Engine/Content/EngineMaterials/DefaultCalibrationColor.uexp" 498
"../../../Engine/Content/EngineMaterials/PPM_DefaultCalibrationColor.uasset" 499
"../../../Engine/Content/EngineMaterials/PPM_DefaultCalibrationColor.uexp" 500
"../../../Engine/Content/EngineMaterials/PhAT_JointLimitMaterial.uasset" 501
"../../../Engine/Content/EngineMaterials/PhAT_JointLimitMaterial.uexp" 502
"../../../Engine/Content/EngineMaterials/NaniteHiddenSectionMaterial.uasset" 503
"../../../Engine/Content/EngineMaterials/NaniteHiddenSectionMaterial.uexp" 504
"../../../Engine/Content/EngineMaterials/InvalidLightmapSettings.ubulk" 505
"../../../Engine/Content/EngineMaterials/InvalidLightmapSettings.uasset" 506
"../../../Engine/Content/EngineMaterials/InvalidLightmapSettings.uexp" 507
"../../../Engine/Content/EngineMaterials/M_InvalidLightmapSettings.uasset" 508
"../../../Engine/Content/EngineMaterials/M_InvalidLightmapSettings.uexp" 509
"../../../Engine/Content/EngineMaterials/MiniFont.uasset" 510
"../../../Engine/Content/EngineMaterials/MiniFont.uexp" 511
"../../../Engine/Content/EngineMaterials/GizmoMaterial.uasset" 512
"../../../Engine/Content/EngineMaterials/GizmoMaterial.uexp" 513
"../../../Engine/Content/EngineMaterials/Black_1x1_EXR_Texture_VT.ubulk" 514
"../../../Engine/Content/EngineMaterials/Black_1x1_EXR_Texture_VT.uasset" 515
"../../../Engine/Content/EngineMaterials/Black_1x1_EXR_Texture_VT.uexp" 516
"../../../Engine/Content/EngineMaterials/BaseFlattenNormalMap_VT.ubulk" 517
"../../../Engine/Content/EngineMaterials/BaseFlattenNormalMap_VT.uasset" 518
"../../../Engine/Content/EngineMaterials/BaseFlattenNormalMap_VT.uexp" 519
"../../../Engine/Content/EngineMaterials/BaseFlattenLinearColor_VT.ubulk" 520
"../../../Engine/Content/EngineMaterials/BaseFlattenLinearColor_VT.uasset" 521
"../../../Engine/Content/EngineMaterials/BaseFlattenLinearColor_VT.uexp" 522
"../../../Engine/Content/EngineMaterials/BaseFlattenGrayscaleMap_VT.ubulk" 523
"../../../Engine/Content/EngineMaterials/BaseFlattenGrayscaleMap_VT.uasset" 524
"../../../Engine/Content/EngineMaterials/BaseFlattenGrayscaleMap_VT.uexp" 525
"../../../Engine/Content/EngineMaterials/BaseFlattenEmissiveMap_VT.ubulk" 526
"../../../Engine/Content/EngineMaterials/BaseFlattenEmissiveMap_VT.uasset" 527
"../../../Engine/Content/EngineMaterials/BaseFlattenEmissiveMap_VT.uexp" 528
"../../../Engine/Content/EngineMaterials/BaseFlattenDiffuseMap_VT.ubulk" 529
"../../../Engine/Content/EngineMaterials/BaseFlattenDiffuseMap_VT.uasset" 530
"../../../Engine/Content/EngineMaterials/BaseFlattenDiffuseMap_VT.uexp" 531
"../../../Engine/Content/EngineMaterials/FlattenMaterial_WS_Normal_VT.uasset" 532
"../../../Engine/Content/EngineMaterials/FlattenMaterial_WS_Normal_VT.uexp" 533
"../../../Engine/Content/EngineMaterials/FlattenMaterial_VT.uasset" 534
"../../../Engine/Content/EngineMaterials/FlattenMaterial_VT.uexp" 535
"../../../Engine/Content/EngineMaterials/BaseFlattenNormalMap.uasset" 536
"../../../Engine/Content/EngineMaterials/BaseFlattenNormalMap.uexp" 537
"../../../Engine/Content/EngineMaterials/BaseFlattenGrayscaleMap.uasset" 538
"../../../Engine/Content/EngineMaterials/BaseFlattenGrayscaleMap.uexp" 539
"../../../Engine/Content/EngineMaterials/BaseFlattenEmissiveMap.uasset" 540
"../../../Engine/Content/EngineMaterials/BaseFlattenEmissiveMap.uexp" 541
"../../../Engine/Content/EngineMaterials/BaseFlattenDiffuseMap.uasset" 542
"../../../Engine/Content/EngineMaterials/BaseFlattenDiffuseMap.uexp" 543
"../../../Engine/Content/EngineMaterials/BaseFlattenLinearColor.uasset" 544
"../../../Engine/Content/EngineMaterials/BaseFlattenLinearColor.uexp" 545
"../../../Engine/Content/Functions/Engine_MaterialFunctions02/PivotPainter2/Black_1x1_EXR_Texture.uasset" 546
"../../../Engine/Content/Functions/Engine_MaterialFunctions02/PivotPainter2/Black_1x1_EXR_Texture.uexp" 547
"../../../Engine/Content/EngineMaterials/FlattenMaterial.uasset" 548
"../../../Engine/Content/EngineMaterials/FlattenMaterial.uexp" 549
"../../../Engine/Content/EngineMaterials/FastBlueNoise_vec2_128x128x64.uasset" 550
"../../../Engine/Content/EngineMaterials/FastBlueNoise_vec2_128x128x64.uexp" 551
"../../../Engine/Content/EngineMaterials/FastBlueNoise_scalar_128x128x8.uasset" 552
"../../../Engine/Content/EngineMaterials/FastBlueNoise_scalar_128x128x8.uexp" 553
"../../../Engine/Content/EngineMaterials/FastBlueNoise_scalar_128x128x64.uasset" 554
"../../../Engine/Content/EngineMaterials/FastBlueNoise_scalar_128x128x64.uexp" 555
"../../../Engine/Content/EngineMaterials/DefaultWhiteGrid_Low.uasset" 556
"../../../Engine/Content/EngineMaterials/DefaultWhiteGrid_Low.uexp" 557
"../../../Engine/Content/EngineMaterials/EmissiveMeshMaterial.uasset" 558
"../../../Engine/Content/EngineMaterials/EmissiveMeshMaterial.uexp" 559
"../../../Engine/Content/EngineFonts/RobotoDistanceField.uasset" 560
"../../../Engine/Content/EngineFonts/RobotoDistanceField.uexp" 561
"../../../Engine/Content/EngineMaterials/DefaultTextMaterialOpaque.uasset" 562
"../../../Engine/Content/EngineMaterials/DefaultTextMaterialOpaque.uexp" 563
"../../../Engine/Content/EngineMaterials/DefaultDiffuse.ubulk" 564
"../../../Engine/Content/EngineMaterials/DefaultDiffuse.uasset" 565
"../../../Engine/Content/EngineMaterials/DefaultDiffuse.uexp" 566
"../../../Engine/Content/EngineMaterials/DefaultPostProcessMaterial.uasset" 567
"../../../Engine/Content/EngineMaterials/DefaultPostProcessMaterial.uexp" 568
"../../../Engine/Content/EngineMaterials/DefaultLightFunctionMaterial.uasset" 569
"../../../Engine/Content/EngineMaterials/DefaultLightFunctionMaterial.uexp" 570
"../../../Engine/Content/EngineMaterials/DefaultDeferredDecalMaterial.uasset" 571
"../../../Engine/Content/EngineMaterials/DefaultDeferredDecalMaterial.uexp" 572
"../../../Engine/Content/EngineMaterials/DefaultBokeh.uasset" 573
"../../../Engine/Content/EngineMaterials/DefaultBokeh.uexp" 574
"../../../Engine/Content/EngineMaterials/DefaultBloomKernel.uasset" 575
"../../../Engine/Content/EngineMaterials/DefaultBloomKernel.uexp" 576
"../../../Engine/Content/Functions/Engine_MaterialFunctions02/Utility/CameraDirectionVector.uasset" 577
"../../../Engine/Content/Functions/Engine_MaterialFunctions02/Utility/CameraDirectionVector.uexp" 578
"../../../Engine/Content/EngineDebugMaterials/VolumeToRender.uasset" 579
"../../../Engine/Content/EngineDebugMaterials/VolumeToRender.uexp" 580
"../../../Engine/Content/EngineDebugMaterials/M_VolumeRenderSphereTracePP.uasset" 581
"../../../Engine/Content/EngineDebugMaterials/M_VolumeRenderSphereTracePP.uexp" 582
"../../../Engine/Content/EngineDebugMaterials/M_SimpleUnlitTranslucent.uasset" 583
"../../../Engine/Content/EngineDebugMaterials/M_SimpleUnlitTranslucent.uexp" 584
"../../../Engine/Content/EngineDebugMaterials/DebugMeshMaterial.uasset" 585
"../../../Engine/Content/EngineDebugMaterials/DebugMeshMaterial.uexp" 586
"../../../Engine/Content/EngineDebugMaterials/DebugEditorMaterial.uasset" 587
"../../../Engine/Content/EngineDebugMaterials/DebugEditorMaterial.uexp" 588
"../../../Engine/Content/EngineDamageTypes/DmgTypeBP_Environmental.uasset" 589
"../../../Engine/Content/EngineDamageTypes/DmgTypeBP_Environmental.uexp" 590
"../../../Engine/Content/EditorResources/S_Terrain.ubulk" 591
"../../../Engine/Content/EditorResources/S_Terrain.uasset" 592
"../../../Engine/Content/EditorResources/S_Terrain.uexp" 593
"../../../Engine/Content/EditorResources/S_Solver.ubulk" 594
"../../../Engine/Content/EditorResources/S_Solver.uasset" 595
"../../../Engine/Content/EditorResources/S_Solver.uexp" 596
"../../../Engine/Content/EditorResources/BSPVertex.uasset" 597
"../../../Engine/Content/EditorResources/BSPVertex.uexp" 598
"../../../Engine/Content/EditorMaterials/PreviewShadowIndicator.ubulk" 599
"../../../Engine/Content/EditorMaterials/PreviewShadowIndicator.uasset" 600
"../../../Engine/Content/EditorMaterials/PreviewShadowIndicator.uexp" 601
"../../../Engine/Content/EditorMaterials/PreviewShadowIndicatorMaterial.uasset" 602
"../../../Engine/Content/EditorMaterials/PreviewShadowIndicatorMaterial.uexp" 603
"../../../Engine/Content/EditorMaterials/PhAT_UnselectedMaterial.uasset" 604
"../../../Engine/Content/EditorMaterials/PhAT_UnselectedMaterial.uexp" 605
"../../../Engine/Content/EditorMaterials/PhAT_NoCollisionMaterial.uasset" 606
"../../../Engine/Content/EditorMaterials/PhAT_NoCollisionMaterial.uexp" 607
"../../../Engine/Content/EditorLandscapeResources/SplineEditorMeshMat.uasset" 608
"../../../Engine/Content/EditorLandscapeResources/SplineEditorMeshMat.uexp" 609
"../../../Engine/Content/EditorLandscapeResources/SplineEditorMesh.ubulk" 610
"../../../Engine/Content/EditorLandscapeResources/SplineEditorMesh.uasset" 611
"../../../Engine/Content/EditorLandscapeResources/SplineEditorMesh.uexp" 612
"../../../Engine/Content/EditorLandscapeResources/WhiteSquareTexture.uasset" 613
"../../../Engine/Content/EditorLandscapeResources/WhiteSquareTexture.uexp" 614
"../../../Engine/Content/EditorLandscapeResources/LayerVisMaterial.uasset" 615
"../../../Engine/Content/EditorLandscapeResources/LayerVisMaterial.uexp" 616
"../../../Engine/Content/Functions/Engine_MaterialFunctions02/WorldPositionOffset/LocalPosition.uasset" 617
"../../../Engine/Content/Functions/Engine_MaterialFunctions02/WorldPositionOffset/LocalPosition.uexp" 618
"../../../Engine/Content/Functions/Engine_MaterialFunctions01/Texturing/TextureCropping.uasset" 619
"../../../Engine/Content/Functions/Engine_MaterialFunctions01/Texturing/TextureCropping.uexp" 620
"../../../Engine/Content/Functions/Engine_MaterialFunctions02/ExampleContent/DebugNumberStrip.uasset" 621
"../../../Engine/Content/Functions/Engine_MaterialFunctions02/ExampleContent/DebugNumberStrip.uexp" 622
"../../../Engine/Content/Functions/Engine_MaterialFunctions01/Debug/DebugIntValues.uasset" 623
"../../../Engine/Content/Functions/Engine_MaterialFunctions01/Debug/DebugIntValues.uexp" 624
"../../../Engine/Content/EditorLandscapeResources/LandscapeLayerUsageMaterial.uasset" 625
"../../../Engine/Content/EditorLandscapeResources/LandscapeLayerUsageMaterial.uexp" 626
"../../../Engine/Content/EditorLandscapeResources/DefaultAlphaTexture.uasset" 627
"../../../Engine/Content/EditorLandscapeResources/DefaultAlphaTexture.uexp" 628
"../../../Engine/Content/EditorLandscapeResources/LandscapeDirtyMaterial.uasset" 629
"../../../Engine/Content/EditorLandscapeResources/LandscapeDirtyMaterial.uexp" 630
"../../../Engine/Content/EngineMaterials/DefaultMaterial.uasset" 631
"../../../Engine/Content/EngineMaterials/DefaultMaterial.uexp" 632
"../../../Engine/Content/BasicShapes/Sphere.ubulk" 633
"../../../Engine/Content/BasicShapes/Sphere.uasset" 634
"../../../Engine/Content/BasicShapes/Sphere.uexp" 635
"../../../Engine/Content/BasicShapes/Plane.ubulk" 636
"../../../Engine/Content/BasicShapes/Plane.uasset" 637
"../../../Engine/Content/BasicShapes/Plane.uexp" 638
"../../../Engine/Content/BasicShapes/Cone.ubulk" 639
"../../../Engine/Content/BasicShapes/Cone.uasset" 640
"../../../Engine/Content/BasicShapes/Cone.uexp" 641
"../../../Engine/Content/EngineResources/FilmGrains/Marcie_Grain_v3_128_M2_000.uasset" 642
"../../../Engine/Content/EngineResources/FilmGrains/Marcie_Grain_v3_128_M2_000.uexp" 643
"../../../Engine/Content/EngineResources/Development/ZenLogo_64.uasset" 644
"../../../Engine/Content/EngineResources/Development/ZenLogo_64.uexp" 645
"../../../Engine/Content/EngineMaterials/LTC/Sheen_LTC.uasset" 646
"../../../Engine/Content/EngineMaterials/LTC/Sheen_LTC.uexp" 647
"../../../Engine/Content/EngineMaterials/LTC/GGX_LTCMat.uasset" 648
"../../../Engine/Content/EngineMaterials/LTC/GGX_LTCMat.uexp" 649
"../../../Engine/Content/EngineMaterials/LTC/GGX_LTCAmp.uasset" 650
"../../../Engine/Content/EngineMaterials/LTC/GGX_LTCAmp.uexp" 651
"../../../Engine/Content/EngineMaterials/EnergyConservation/Sheen_Energy.uasset" 652
"../../../Engine/Content/EngineMaterials/EnergyConservation/Sheen_Energy.uexp" 653
"../../../Engine/Content/EngineMaterials/EnergyConservation/SheenLegacy_Energy.uasset" 654
"../../../Engine/Content/EngineMaterials/EnergyConservation/SheenLegacy_Energy.uexp" 655
"../../../Engine/Content/EngineMaterials/EnergyConservation/GGX_TransmissionEnergyArray.uasset" 656
"../../../Engine/Content/EngineMaterials/EnergyConservation/GGX_TransmissionEnergyArray.uexp" 657
"../../../Engine/Content/EngineMaterials/EnergyConservation/GGX_ReflectionEnergy.uasset" 658
"../../../Engine/Content/EngineMaterials/EnergyConservation/GGX_ReflectionEnergy.uexp" 659
"../../../Engine/Content/EngineMaterials/EnergyConservation/Diffuse_Energy.uasset" 660
"../../../Engine/Content/EngineMaterials/EnergyConservation/Diffuse_Energy.uexp" 661
"../../../Engine/Content/EditorResources/SequenceRecorder/RecordingIndicator.uasset" 662
"../../../Engine/Content/EditorResources/SequenceRecorder/RecordingIndicator.uexp" 663
"../../../Engine/Content/EditorResources/SequenceRecorder/Countdown.uasset" 664
"../../../Engine/Content/EditorResources/SequenceRecorder/Countdown.uexp" 665
"../../../Engine/Content/EditorMaterials/Camera/CineMat.uasset" 666
"../../../Engine/Content/EditorMaterials/Camera/CineMat.uexp" 667
"../../../Engine/Content/EditorMaterials/Camera/MI_CineMat_Rig.uasset" 668
"../../../Engine/Content/EditorMaterials/Camera/MI_CineMat_Rig.uexp" 669
"../../../Engine/Content/EditorMeshes/Camera/SM_RailRig_Track.ubulk" 670
"../../../Engine/Content/EditorMeshes/Camera/SM_RailRig_Track.uasset" 671
"../../../Engine/Content/EditorMeshes/Camera/SM_RailRig_Track.uexp" 672
"../../../Engine/Content/EditorMeshes/Camera/SM_RailRig_Mount.ubulk" 673
"../../../Engine/Content/EditorMeshes/Camera/SM_RailRig_Mount.uasset" 674
"../../../Engine/Content/EditorMeshes/Camera/SM_RailRig_Mount.uexp" 675
"../../../Engine/Content/EditorMeshes/Camera/SM_CraneRig_Mount.ubulk" 676
"../../../Engine/Content/EditorMeshes/Camera/SM_CraneRig_Mount.uasset" 677
"../../../Engine/Content/EditorMeshes/Camera/SM_CraneRig_Mount.uexp" 678
"../../../Engine/Content/EditorMeshes/Camera/SM_CraneRig_Body.ubulk" 679
"../../../Engine/Content/EditorMeshes/Camera/SM_CraneRig_Body.uasset" 680
"../../../Engine/Content/EditorMeshes/Camera/SM_CraneRig_Body.uexp" 681
"../../../Engine/Content/EditorMeshes/Camera/SM_CraneRig_Base.ubulk" 682
"../../../Engine/Content/EditorMeshes/Camera/SM_CraneRig_Base.uasset" 683
"../../../Engine/Content/EditorMeshes/Camera/SM_CraneRig_Base.uexp" 684
"../../../Engine/Content/EditorMeshes/Camera/SM_CraneRig_Arm.ubulk" 685
"../../../Engine/Content/EditorMeshes/Camera/SM_CraneRig_Arm.uasset" 686
"../../../Engine/Content/EditorMeshes/Camera/SM_CraneRig_Arm.uexp" 687
"../../../Engine/Content/EditorMaterials/ParticleSystems/PSysThumbnail_OOD.ubulk" 688
"../../../Engine/Content/EditorMaterials/ParticleSystems/PSysThumbnail_OOD.uasset" 689
"../../../Engine/Content/EditorMaterials/ParticleSystems/PSysThumbnail_OOD.uexp" 690
"../../../Engine/Content/EditorMaterials/ParticleSystems/PSysThumbnail_NoImage.ubulk" 691
"../../../Engine/Content/EditorMaterials/ParticleSystems/PSysThumbnail_NoImage.uasset" 692
"../../../Engine/Content/EditorMaterials/ParticleSystems/PSysThumbnail_NoImage.uexp" 693
"../../../Engine/Content/EditorMaterials/Dataflow/DataflowVertexMaterial.uasset" 694
"../../../Engine/Content/EditorMaterials/Dataflow/DataflowVertexMaterial.uexp" 695
"../../../Engine/Content/EditorMaterials/Dataflow/DataflowTwoSidedVertexMaterial.uasset" 696
"../../../Engine/Content/EditorMaterials/Dataflow/DataflowTwoSidedVertexMaterial.uexp" 697
"../../../Engine/Content/VREditor/TransformGizmo/Xray.uasset" 698
"../../../Engine/Content/VREditor/TransformGizmo/Xray.uexp" 699
"../../../Engine/Content/VREditor/TransformGizmo/Main.uasset" 700
"../../../Engine/Content/VREditor/TransformGizmo/Main.uexp" 701
"../../../Engine/Content/VREditor/TransformGizmo/SM_Sequencer_Node.ubulk" 702
"../../../Engine/Content/VREditor/TransformGizmo/SM_Sequencer_Node.uasset" 703
"../../../Engine/Content/VREditor/TransformGizmo/SM_Sequencer_Node.uexp" 704
"../../../Engine/Content/VREditor/TransformGizmo/TranslucentTransformGizmoMaterial.uasset" 705
"../../../Engine/Content/VREditor/TransformGizmo/TranslucentTransformGizmoMaterial.uexp" 706
"../../../Engine/Content/VREditor/LaserPointer/VR_LaserPower_01.ubulk" 707
"../../../Engine/Content/VREditor/LaserPointer/VR_LaserPower_01.uasset" 708
"../../../Engine/Content/VREditor/LaserPointer/VR_LaserPower_01.uexp" 709
"../../../Engine/Content/VREditor/TransformGizmo/TransformGizmoMaterial.uasset" 710
"../../../Engine/Content/VREditor/TransformGizmo/TransformGizmoMaterial.uexp" 711
"../../../Engine/Content/VREditor/TransformGizmo/BoundingBoxEdge.ubulk" 712
"../../../Engine/Content/VREditor/TransformGizmo/BoundingBoxEdge.uasset" 713
"../../../Engine/Content/VREditor/TransformGizmo/BoundingBoxEdge.uexp" 714
"../../../Engine/Content/VREditor/TransformGizmo/BoundingBoxCorner.ubulk" 715
"../../../Engine/Content/VREditor/TransformGizmo/BoundingBoxCorner.uasset" 716
"../../../Engine/Content/VREditor/TransformGizmo/BoundingBoxCorner.uexp" 717
"../../../Engine/Content/EngineMaterials/Substrate/Glints2/AGlintTex2dArray2.uasset" 718
"../../../Engine/Content/EngineMaterials/Substrate/Glints2/AGlintTex2dArray2.uexp" 719
"../../../Engine/Content/EngineMaterials/Substrate/GLints/AGlintTex2dArray.uasset" 720
"../../../Engine/Content/EngineMaterials/Substrate/GLints/AGlintTex2dArray.uexp" 721
"../../../Engine/Content/ArtTools/RenderToTexture/Meshes/S_1_Unit_Plane.ubulk" 722
"../../../Engine/Content/ArtTools/RenderToTexture/Meshes/S_1_Unit_Plane.uasset" 723
"../../../Engine/Content/ArtTools/RenderToTexture/Meshes/S_1_Unit_Plane.uexp" 724
"../../../Engine/Content/Functions/Engine_MaterialFunctions01/Shading/PowerToRoughness.uasset" 725
"../../../Engine/Content/Functions/Engine_MaterialFunctions01/Shading/PowerToRoughness.uexp" 726
"../../../Engine/Content/Functions/Engine_MaterialFunctions01/Shading/ConvertFromDiffSpec.uasset" 727
"../../../Engine/Content/Functions/Engine_MaterialFunctions01/Shading/ConvertFromDiffSpec.uexp" 728
"../../../Engine/Content/EngineResources/DefaultTextureCube.uasset" 729
"../../../Engine/Content/EngineResources/DefaultTextureCube.uexp" 730
"../../../Engine/Content/EngineResources/DefaultVolumeTexture2D.uasset" 731
"../../../Engine/Content/EngineResources/DefaultVolumeTexture2D.uexp" 732
"../../../Engine/Content/EngineResources/DefaultVolumeTexture.uasset" 733
"../../../Engine/Content/EngineResources/DefaultVolumeTexture.uexp" 734
"../../../Engine/Content/EngineMaterials/Substrate/Volume/SubstrateSimpleVolumeEnvLUT3D.uasset" 735
"../../../Engine/Content/EngineMaterials/Substrate/Volume/SubstrateSimpleVolumeEnvLUT3D.uexp" 736
"../../../Engine/Content/EngineMaterials/Substrate/Volume/SubstrateSimpleVolumeLUT3D.uasset" 737
"../../../Engine/Content/EngineMaterials/Substrate/Volume/SubstrateSimpleVolumeLUT3D.uexp" 738
"../../../Engine/Content/Functions/Engine_MaterialFunctions01/Texturing/FlattenNormal.uasset" 739
"../../../Engine/Content/Functions/Engine_MaterialFunctions01/Texturing/FlattenNormal.uexp" 740
"../../../Engine/Plugins/Interchange/Assets/Content/Utilities/New_LUT.uasset" 741
"../../../Engine/Plugins/Interchange/Assets/Content/Utilities/New_LUT.uexp" 742
"../../../Engine/Content/Functions/Engine_MaterialFunctions03/Math/RemapValueRange.uasset" 743
"../../../Engine/Content/Functions/Engine_MaterialFunctions03/Math/RemapValueRange.uexp" 744
"../../../Engine/Plugins/Interchange/Assets/Content/Functions/MF_Iridescence.uasset" 745
"../../../Engine/Plugins/Interchange/Assets/Content/Functions/MF_Iridescence.uexp" 746
"../../../Engine/Plugins/Interchange/Assets/Content/gltf/Textures/T_White_srgb.uasset" 747
"../../../Engine/Plugins/Interchange/Assets/Content/gltf/Textures/T_White_srgb.uexp" 748
"../../../Engine/Plugins/Interchange/Assets/Content/gltf/MaterialFunctions/MF_BaseColor.uasset" 749
"../../../Engine/Plugins/Interchange/Assets/Content/gltf/MaterialFunctions/MF_BaseColor.uexp" 750
"../../../Engine/Plugins/Interchange/Assets/Content/gltf/MaterialFunctions/MF_RotateV2.uasset" 751
"../../../Engine/Plugins/Interchange/Assets/Content/gltf/MaterialFunctions/MF_RotateV2.uexp" 752
"../../../Engine/Plugins/Interchange/Assets/Content/gltf/MaterialFunctions/MF_TransformUVs.uasset" 753
"../../../Engine/Plugins/Interchange/Assets/Content/gltf/MaterialFunctions/MF_TransformUVs.uexp" 754
"../../../Engine/Plugins/Interchange/Assets/Content/gltf/MaterialFunctions/MF_IOR.uasset" 755
"../../../Engine/Plugins/Interchange/Assets/Content/gltf/MaterialFunctions/MF_IOR.uexp" 756
"../../../Engine/Plugins/Interchange/Assets/Content/gltf/MaterialFunctions/MF_Iridescence.uasset" 757
"../../../Engine/Plugins/Interchange/Assets/Content/gltf/MaterialFunctions/MF_Iridescence.uexp" 758
"../../../Engine/Plugins/Interchange/Assets/Content/gltf/Textures/T_White_Linear.uasset" 759
"../../../Engine/Plugins/Interchange/Assets/Content/gltf/Textures/T_White_Linear.uexp" 760
"../../../Engine/Plugins/Interchange/Assets/Content/gltf/MaterialFunctions/MF_MetallicRoughness.uasset" 761
"../../../Engine/Plugins/Interchange/Assets/Content/gltf/MaterialFunctions/MF_MetallicRoughness.uexp" 762
"../../../Engine/Content/Functions/Engine_MaterialFunctions02/Math/Transform3x3Matrix.uasset" 763
"../../../Engine/Content/Functions/Engine_MaterialFunctions02/Math/Transform3x3Matrix.uexp" 764
"../../../Engine/Plugins/Interchange/Assets/Content/gltf/MaterialFunctions/MF_RotateNormals_TS.uasset" 765
"../../../Engine/Plugins/Interchange/Assets/Content/gltf/MaterialFunctions/MF_RotateNormals_TS.uexp" 766
"../../../Engine/Plugins/Interchange/Assets/Content/gltf/MaterialFunctions/MF_ScaleNormal.uasset" 767
"../../../Engine/Plugins/Interchange/Assets/Content/gltf/MaterialFunctions/MF_ScaleNormal.uexp" 768
"../../../Engine/Plugins/Interchange/Assets/Content/gltf/Textures/T_Generic_N.uasset" 769
"../../../Engine/Plugins/Interchange/Assets/Content/gltf/Textures/T_Generic_N.uexp" 770
"../../../Engine/Plugins/Interchange/Assets/Content/gltf/MaterialFunctions/MF_Normals.uasset" 771
"../../../Engine/Plugins/Interchange/Assets/Content/gltf/MaterialFunctions/MF_Normals.uexp" 772
"../../../Engine/Plugins/Interchange/Assets/Content/gltf/MaterialFunctions/MF_Occlusion.uasset" 773
"../../../Engine/Plugins/Interchange/Assets/Content/gltf/MaterialFunctions/MF_Occlusion.uexp" 774
"../../../Engine/Plugins/Interchange/Assets/Content/gltf/MaterialFunctions/MF_Specular.uasset" 775
"../../../Engine/Plugins/Interchange/Assets/Content/gltf/MaterialFunctions/MF_Specular.uexp" 776
"../../../Engine/Plugins/Interchange/Assets/Content/gltf/Textures/T_Anisotropy_Direction_Linear.uasset" 777
"../../../Engine/Plugins/Interchange/Assets/Content/gltf/Textures/T_Anisotropy_Direction_Linear.uexp" 778
"../../../Engine/Plugins/Interchange/Assets/Content/gltf/MaterialFunctions/MF_SpecularAnisotropy.uasset" 779
"../../../Engine/Plugins/Interchange/Assets/Content/gltf/MaterialFunctions/MF_SpecularAnisotropy.uexp" 780
"../../../Engine/Plugins/Interchange/Assets/Content/gltf/MaterialFunctions/MF_Emissive.uasset" 781
"../../../Engine/Plugins/Interchange/Assets/Content/gltf/MaterialFunctions/MF_Emissive.uexp" 782
"../../../Engine/Plugins/Interchange/Assets/Content/gltf/MaterialFunctions/MF_Clearcoat.uasset" 783
"../../../Engine/Plugins/Interchange/Assets/Content/gltf/MaterialFunctions/MF_Clearcoat.uexp" 784
"../../../Engine/Plugins/Interchange/Assets/Content/gltf/MaterialBodies/MF_ClearCoat_Body.uasset" 785
"../../../Engine/Plugins/Interchange/Assets/Content/gltf/MaterialBodies/MF_ClearCoat_Body.uexp" 786
"../../../Engine/Plugins/Interchange/Assets/Content/gltf/M_ClearCoat.uasset" 787
"../../../Engine/Plugins/Interchange/Assets/Content/gltf/M_ClearCoat.uexp" 788
"../../../Engine/Plugins/Interchange/Assets/Content/gltf/MaterialInstances/MI_ClearCoat_Blend.uasset" 789
"../../../Engine/Plugins/Interchange/Assets/Content/gltf/MaterialInstances/MI_ClearCoat_Blend.uexp" 790
"../../../Engine/Plugins/Interchange/Assets/Content/gltf/MaterialInstances/MI_ClearCoat_Blend_DS.uasset" 791
"../../../Engine/Plugins/Interchange/Assets/Content/gltf/MaterialInstances/MI_ClearCoat_Blend_DS.uexp" 792
"../../../Engine/Plugins/Interchange/Assets/Content/gltf/MaterialInstances/MI_ClearCoat_Mask.uasset" 793
"../../../Engine/Plugins/Interchange/Assets/Content/gltf/MaterialInstances/MI_ClearCoat_Mask.uexp" 794
"../../../Engine/Plugins/Interchange/Assets/Content/gltf/MaterialInstances/MI_ClearCoat_Mask_DS.uasset" 795
"../../../Engine/Plugins/Interchange/Assets/Content/gltf/MaterialInstances/MI_ClearCoat_Mask_DS.uexp" 796
"../../../Engine/Plugins/Interchange/Assets/Content/gltf/MaterialInstances/MI_ClearCoat_Opaque.uasset" 797
"../../../Engine/Plugins/Interchange/Assets/Content/gltf/MaterialInstances/MI_ClearCoat_Opaque.uexp" 798
"../../../Engine/Plugins/Interchange/Assets/Content/gltf/MaterialInstances/MI_ClearCoat_Opaque_DS.uasset" 799
"../../../Engine/Plugins/Interchange/Assets/Content/gltf/MaterialInstances/MI_ClearCoat_Opaque_DS.uexp" 800
"../../../Engine/Plugins/Interchange/Assets/Content/gltf/MaterialBodies/MF_Default_Body.uasset" 801
"../../../Engine/Plugins/Interchange/Assets/Content/gltf/MaterialBodies/MF_Default_Body.uexp" 802
"../../../Engine/Plugins/Interchange/Assets/Content/gltf/M_Default.uasset" 803
"../../../Engine/Plugins/Interchange/Assets/Content/gltf/M_Default.uexp" 804
"../../../Engine/Plugins/Interchange/Assets/Content/gltf/MaterialInstances/MI_Default_Blend.uasset" 805
"../../../Engine/Plugins/Interchange/Assets/Content/gltf/MaterialInstances/MI_Default_Blend.uexp" 806
"../../../Engine/Plugins/Interchange/Assets/Content/gltf/MaterialInstances/MI_Default_Blend_DS.uasset" 807
"../../../Engine/Plugins/Interchange/Assets/Content/gltf/MaterialInstances/MI_Default_Blend_DS.uexp" 808
"../../../Engine/Plugins/Interchange/Assets/Content/gltf/MaterialInstances/MI_Default_Mask.uasset" 809
"../../../Engine/Plugins/Interchange/Assets/Content/gltf/MaterialInstances/MI_Default_Mask.uexp" 810
"../../../Engine/Plugins/Interchange/Assets/Content/gltf/MaterialInstances/MI_Default_Mask_DS.uasset" 811
"../../../Engine/Plugins/Interchange/Assets/Content/gltf/MaterialInstances/MI_Default_Mask_DS.uexp" 812
"../../../Engine/Plugins/Interchange/Assets/Content/gltf/MaterialInstances/MI_Default_Opaque.uasset" 813
"../../../Engine/Plugins/Interchange/Assets/Content/gltf/MaterialInstances/MI_Default_Opaque.uexp" 814
"../../../Engine/Plugins/Interchange/Assets/Content/gltf/MaterialInstances/MI_Default_Opaque_DS.uasset" 815
"../../../Engine/Plugins/Interchange/Assets/Content/gltf/MaterialInstances/MI_Default_Opaque_DS.uexp" 816
"../../../Engine/Plugins/Interchange/Assets/Content/gltf/MaterialFunctions/MF_Sheen.uasset" 817
"../../../Engine/Plugins/Interchange/Assets/Content/gltf/MaterialFunctions/MF_Sheen.uexp" 818
"../../../Engine/Plugins/Interchange/Assets/Content/gltf/MaterialBodies/MF_Sheen_Body.uasset" 819
"../../../Engine/Plugins/Interchange/Assets/Content/gltf/MaterialBodies/MF_Sheen_Body.uexp" 820
"../../../Engine/Plugins/Interchange/Assets/Content/gltf/M_Sheen.uasset" 821
"../../../Engine/Plugins/Interchange/Assets/Content/gltf/M_Sheen.uexp" 822
"../../../Engine/Plugins/Interchange/Assets/Content/gltf/MaterialInstances/MI_Sheen_Blend.uasset" 823
"../../../Engine/Plugins/Interchange/Assets/Content/gltf/MaterialInstances/MI_Sheen_Blend.uexp" 824
"../../../Engine/Plugins/Interchange/Assets/Content/gltf/MaterialInstances/MI_Sheen_Blend_DS.uasset" 825
"../../../Engine/Plugins/Interchange/Assets/Content/gltf/MaterialInstances/MI_Sheen_Blend_DS.uexp" 826
"../../../Engine/Plugins/Interchange/Assets/Content/gltf/MaterialInstances/MI_Sheen_Mask.uasset" 827
"../../../Engine/Plugins/Interchange/Assets/Content/gltf/MaterialInstances/MI_Sheen_Mask.uexp" 828
"../../../Engine/Plugins/Interchange/Assets/Content/gltf/MaterialInstances/MI_Sheen_Mask_DS.uasset" 829
"../../../Engine/Plugins/Interchange/Assets/Content/gltf/MaterialInstances/MI_Sheen_Mask_DS.uexp" 830
"../../../Engine/Plugins/Interchange/Assets/Content/gltf/MaterialInstances/MI_Sheen_Opaque.uasset" 831
"../../../Engine/Plugins/Interchange/Assets/Content/gltf/MaterialInstances/MI_Sheen_Opaque.uexp" 832
"../../../Engine/Plugins/Interchange/Assets/Content/gltf/MaterialInstances/MI_Sheen_Opaque_DS.uasset" 833
"../../../Engine/Plugins/Interchange/Assets/Content/gltf/MaterialInstances/MI_Sheen_Opaque_DS.uexp" 834
"../../../Engine/Content/Functions/Engine_MaterialFunctions02/Math/AddComponents.uasset" 835
"../../../Engine/Content/Functions/Engine_MaterialFunctions02/Math/AddComponents.uexp" 836
"../../../Engine/Plugins/Interchange/Assets/Content/gltf/MaterialFunctions/MF_DiffuseSpecGloss.uasset" 837
"../../../Engine/Plugins/Interchange/Assets/Content/gltf/MaterialFunctions/MF_DiffuseSpecGloss.uexp" 838
"../../../Engine/Plugins/Interchange/Assets/Content/gltf/MaterialFunctions/MF_MaxComponentValue.uasset" 839
"../../../Engine/Plugins/Interchange/Assets/Content/gltf/MaterialFunctions/MF_MaxComponentValue.uexp" 840
"../../../Engine/Plugins/Interchange/Assets/Content/gltf/MaterialFunctions/MF_PerceivedBrightness.uasset" 841
"../../../Engine/Plugins/Interchange/Assets/Content/gltf/MaterialFunctions/MF_PerceivedBrightness.uexp" 842
"../../../Engine/Plugins/Interchange/Assets/Content/gltf/MaterialFunctions/MF_SpecGlossToMetalRoughness.uasset" 843
"../../../Engine/Plugins/Interchange/Assets/Content/gltf/MaterialFunctions/MF_SpecGlossToMetalRoughness.uexp" 844
"../../../Engine/Plugins/Interchange/Assets/Content/gltf/MaterialBodies/MF_SpecularGlossiness_Body.uasset" 845
"../../../Engine/Plugins/Interchange/Assets/Content/gltf/MaterialBodies/MF_SpecularGlossiness_Body.uexp" 846
"../../../Engine/Plugins/Interchange/Assets/Content/gltf/M_SpecularGlossiness.uasset" 847
"../../../Engine/Plugins/Interchange/Assets/Content/gltf/M_SpecularGlossiness.uexp" 848
"../../../Engine/Plugins/Interchange/Assets/Content/gltf/MaterialInstances/MI_SpecularGlossiness_Blend.uasset" 849
"../../../Engine/Plugins/Interchange/Assets/Content/gltf/MaterialInstances/MI_SpecularGlossiness_Blend.uexp" 850
"../../../Engine/Plugins/Interchange/Assets/Content/gltf/MaterialInstances/MI_SpecularGlossiness_Blend_DS.uasset" 851
"../../../Engine/Plugins/Interchange/Assets/Content/gltf/MaterialInstances/MI_SpecularGlossiness_Blend_DS.uexp" 852
"../../../Engine/Plugins/Interchange/Assets/Content/gltf/MaterialInstances/MI_SpecularGlossiness_Mask.uasset" 853
"../../../Engine/Plugins/Interchange/Assets/Content/gltf/MaterialInstances/MI_SpecularGlossiness_Mask.uexp" 854
"../../../Engine/Plugins/Interchange/Assets/Content/gltf/MaterialInstances/MI_SpecularGlossiness_Mask_DS.uasset" 855
"../../../Engine/Plugins/Interchange/Assets/Content/gltf/MaterialInstances/MI_SpecularGlossiness_Mask_DS.uexp" 856
"../../../Engine/Plugins/Interchange/Assets/Content/gltf/MaterialInstances/MI_SpecularGlossiness_Opaque.uasset" 857
"../../../Engine/Plugins/Interchange/Assets/Content/gltf/MaterialInstances/MI_SpecularGlossiness_Opaque.uexp" 858
"../../../Engine/Plugins/Interchange/Assets/Content/gltf/MaterialInstances/MI_SpecularGlossiness_Opaque_DS.uasset" 859
"../../../Engine/Plugins/Interchange/Assets/Content/gltf/MaterialInstances/MI_SpecularGlossiness_Opaque_DS.uexp" 860
"../../../Engine/Content/EngineMaterials/Good64x64TilingNoiseHighFreq.uasset" 861
"../../../Engine/Content/EngineMaterials/Good64x64TilingNoiseHighFreq.uexp" 862
"../../../Engine/Content/Functions/Engine_MaterialFunctions02/Texturing/ScreenAlignedPixelToPixelUVs.uasset" 863
"../../../Engine/Content/Functions/Engine_MaterialFunctions02/Texturing/ScreenAlignedPixelToPixelUVs.uexp" 864
"../../../Engine/Plugins/Interchange/Assets/Content/gltf/MaterialFunctions/MF_Fresnel_DS.uasset" 865
"../../../Engine/Plugins/Interchange/Assets/Content/gltf/MaterialFunctions/MF_Fresnel_DS.uexp" 866
"../../../Engine/Plugins/Interchange/Assets/Content/gltf/MaterialFunctions/MF_Temporal_Blur.uasset" 867
"../../../Engine/Plugins/Interchange/Assets/Content/gltf/MaterialFunctions/MF_Temporal_Blur.uexp" 868
"../../../Engine/Plugins/Interchange/Assets/Content/gltf/MaterialFunctions/MF_Transmission.uasset" 869
"../../../Engine/Plugins/Interchange/Assets/Content/gltf/MaterialFunctions/MF_Transmission.uexp" 870
"../../../Engine/Plugins/Interchange/Assets/Content/gltf/MaterialBodies/MF_Transmission_Body.uasset" 871
"../../../Engine/Plugins/Interchange/Assets/Content/gltf/MaterialBodies/MF_Transmission_Body.uexp" 872
"../../../Engine/Plugins/Interchange/Assets/Content/gltf/M_Transmission.uasset" 873
"../../../Engine/Plugins/Interchange/Assets/Content/gltf/M_Transmission.uexp" 874
"../../../Engine/Plugins/Interchange/Assets/Content/gltf/MaterialInstances/MI_Transmission.uasset" 875
"../../../Engine/Plugins/Interchange/Assets/Content/gltf/MaterialInstances/MI_Transmission.uexp" 876
"../../../Engine/Plugins/Interchange/Assets/Content/gltf/MaterialInstances/MI_Transmission_DS.uasset" 877
"../../../Engine/Plugins/Interchange/Assets/Content/gltf/MaterialInstances/MI_Transmission_DS.uexp" 878
"../../../Engine/Plugins/Interchange/Assets/Content/gltf/MaterialBodies/MF_Unlit_Body.uasset" 879
"../../../Engine/Plugins/Interchange/Assets/Content/gltf/MaterialBodies/MF_Unlit_Body.uexp" 880
"../../../Engine/Plugins/Interchange/Assets/Content/gltf/M_Unlit.uasset" 881
"../../../Engine/Plugins/Interchange/Assets/Content/gltf/M_Unlit.uexp" 882
"../../../Engine/Plugins/Interchange/Assets/Content/gltf/MaterialInstances/MI_Unlit_Blend.uasset" 883
"../../../Engine/Plugins/Interchange/Assets/Content/gltf/MaterialInstances/MI_Unlit_Blend.uexp" 884
"../../../Engine/Plugins/Interchange/Assets/Content/gltf/MaterialInstances/MI_Unlit_Blend_DS.uasset" 885
"../../../Engine/Plugins/Interchange/Assets/Content/gltf/MaterialInstances/MI_Unlit_Blend_DS.uexp" 886
"../../../Engine/Plugins/Interchange/Assets/Content/gltf/MaterialInstances/MI_Unlit_Mask.uasset" 887
"../../../Engine/Plugins/Interchange/Assets/Content/gltf/MaterialInstances/MI_Unlit_Mask.uexp" 888
"../../../Engine/Plugins/Interchange/Assets/Content/gltf/MaterialInstances/MI_Unlit_Mask_DS.uasset" 889
"../../../Engine/Plugins/Interchange/Assets/Content/gltf/MaterialInstances/MI_Unlit_Mask_DS.uexp" 890
"../../../Engine/Plugins/Interchange/Assets/Content/gltf/MaterialInstances/MI_Unlit_Opaque.uasset" 891
"../../../Engine/Plugins/Interchange/Assets/Content/gltf/MaterialInstances/MI_Unlit_Opaque.uexp" 892
"../../../Engine/Plugins/Interchange/Assets/Content/gltf/MaterialInstances/MI_Unlit_Opaque_DS.uasset" 893
"../../../Engine/Plugins/Interchange/Assets/Content/gltf/MaterialInstances/MI_Unlit_Opaque_DS.uexp" 894
"../../../Engine/Content/EditorLandscapeResources/ColorMaskBrushMaterial.uasset" 895
"../../../Engine/Content/EditorLandscapeResources/ColorMaskBrushMaterial.uexp" 896
"../../../Engine/Content/EditorLandscapeResources/ColorMaskBrushMaterial_MaskedRegion.uasset" 897
"../../../Engine/Content/EditorLandscapeResources/ColorMaskBrushMaterial_MaskedRegion.uexp" 898
"../../../Engine/Content/Functions/Engine_MaterialFunctions03/Math/WithinRangeFloat2.uasset" 899
"../../../Engine/Content/Functions/Engine_MaterialFunctions03/Math/WithinRangeFloat2.uexp" 900
"../../../Engine/Content/EditorLandscapeResources/MaskBrushMaterial.uasset" 901
"../../../Engine/Content/EditorLandscapeResources/MaskBrushMaterial.uexp" 902
"../../../Engine/Content/EditorLandscapeResources/MaskBrushMaterial_MaskedRegion.uasset" 903
"../../../Engine/Content/EditorLandscapeResources/MaskBrushMaterial_MaskedRegion.uexp" 904
"../../../Engine/Content/EditorLandscapeResources/SelectBrushMaterial.uasset" 905
"../../../Engine/Content/EditorLandscapeResources/SelectBrushMaterial.uexp" 906
"../../../Engine/Content/EditorLandscapeResources/SelectBrushMaterial_Selected.uasset" 907
"../../../Engine/Content/EditorLandscapeResources/SelectBrushMaterial_Selected.uexp" 908
"../../../Engine/Content/EditorLandscapeResources/SelectBrushMaterial_SelectedRegion.uasset" 909
"../../../Engine/Content/EditorLandscapeResources/SelectBrushMaterial_SelectedRegion.uexp" 910
"../../../Engine/Content/EngineMaterials/WeightMapPlaceholderTexture.uasset" 911
"../../../Engine/Content/EngineMaterials/WeightMapPlaceholderTexture.uexp" 912
"../../../Engine/Content/EngineMaterials/WeightMapArrayPlaceholderTexture.uasset" 913
"../../../Engine/Content/EngineMaterials/WeightMapArrayPlaceholderTexture.uexp" 914
"../../../Engine/Content/EngineMaterials/Widget3DPassThrough.uasset" 915
"../../../Engine/Content/EngineMaterials/Widget3DPassThrough.uexp" 916
"../../../Engine/Content/EngineMaterials/Widget3DPassThrough_Masked.uasset" 917
"../../../Engine/Content/EngineMaterials/Widget3DPassThrough_Masked.uexp" 918
"../../../Engine/Content/EngineMaterials/Widget3DPassThrough_Opaque.uasset" 919
"../../../Engine/Content/EngineMaterials/Widget3DPassThrough_Opaque.uexp" 920
"../../../Engine/Content/EngineMaterials/Widget3DPassThrough_Masked_OneSided.uasset" 921
"../../../Engine/Content/EngineMaterials/Widget3DPassThrough_Masked_OneSided.uexp" 922
"../../../Engine/Content/EngineMaterials/Widget3DPassThrough_Opaque_OneSided.uasset" 923
"../../../Engine/Content/EngineMaterials/Widget3DPassThrough_Opaque_OneSided.uexp" 924
"../../../Engine/Content/EngineMaterials/Widget3DPassThrough_Translucent.uasset" 925
"../../../Engine/Content/EngineMaterials/Widget3DPassThrough_Translucent.uexp" 926
"../../../Engine/Content/EngineMaterials/Widget3DPassThrough_Translucent_OneSided.uasset" 927
"../../../Engine/Content/EngineMaterials/Widget3DPassThrough_Translucent_OneSided.uexp" 928
"../../../Engine/Plugins/NNE/NNEDenoiser/Content/NNE_oidn2-3-0_rt_hdr_alb_nrm_small__dyn__fp16_opset11_DenoiseAlpha.uasset" 929
"../../../Engine/Plugins/NNE/NNEDenoiser/Content/NNE_oidn2-3-0_rt_hdr_alb_nrm_small__dyn__fp16_opset11_DenoiseAlpha.uexp" 930
"../../../Engine/Plugins/NNE/NNEDenoiser/Content/NNE_oidn2-3-0_rt_hdr_alb_nrm_small__dyn__fp16_opset11_ForwardAlpha.uasset" 931
"../../../Engine/Plugins/NNE/NNEDenoiser/Content/NNE_oidn2-3-0_rt_hdr_alb_nrm_small__dyn__fp16_opset11_ForwardAlpha.uexp" 932
"../../../Engine/Plugins/NNE/NNEDenoiser/Content/NNE_oidn2-3-0_rt_hdr_alb_nrm__dyn__fp16_opset11_DenoiseAlpha.uasset" 933
"../../../Engine/Plugins/NNE/NNEDenoiser/Content/NNE_oidn2-3-0_rt_hdr_alb_nrm__dyn__fp16_opset11_DenoiseAlpha.uexp" 934
"../../../Engine/Plugins/NNE/NNEDenoiser/Content/NNE_oidn2-3-0_rt_hdr_alb_nrm__dyn__fp16_opset11_ForwardAlpha.uasset" 935
"../../../Engine/Plugins/NNE/NNEDenoiser/Content/NNE_oidn2-3-0_rt_hdr_alb_nrm__dyn__fp16_opset11_ForwardAlpha.uexp" 936
"../../../Engine/Plugins/NNE/NNEDenoiser/Content/NNE_oidn2-3-0_rt_hdr_calb_cnrm_large__dyn__fp16_opset11_DenoiseAlpha.uasset" 937
"../../../Engine/Plugins/NNE/NNEDenoiser/Content/NNE_oidn2-3-0_rt_hdr_calb_cnrm_large__dyn__fp16_opset11_DenoiseAlpha.uexp" 938
"../../../Engine/Plugins/NNE/NNEDenoiser/Content/NNE_oidn2-3-0_rt_hdr_calb_cnrm_large__dyn__fp16_opset11_ForwardAlpha.uasset" 939
"../../../Engine/Plugins/NNE/NNEDenoiser/Content/NNE_oidn2-3-0_rt_hdr_calb_cnrm_large__dyn__fp16_opset11_ForwardAlpha.uexp" 940
"../../../Engine/Plugins/2D/Paper2D/Content/DefaultSpriteMaterial.uasset" 941
"../../../Engine/Plugins/2D/Paper2D/Content/DefaultSpriteMaterial.uexp" 942
"../../../Engine/Plugins/2D/Paper2D/Content/MaskedUnlitSpriteMaterial.uasset" 943
"../../../Engine/Plugins/2D/Paper2D/Content/MaskedUnlitSpriteMaterial.uexp" 944
"../../../Engine/Plugins/2D/Paper2D/Content/OpaqueUnlitSpriteMaterial.uasset" 945
"../../../Engine/Plugins/2D/Paper2D/Content/OpaqueUnlitSpriteMaterial.uexp" 946
"../../../Engine/Content/EngineResources/LandscapeVisibilityLayerInfo.uasset" 947
"../../../Engine/Content/EngineResources/LandscapeVisibilityLayerInfo.uexp" 948
"../../../Engine/Content/VREditor/TransformGizmo/TranslucentTransformGizmoMaterial_Inst.uasset" 949
"../../../Engine/Content/VREditor/TransformGizmo/TranslucentTransformGizmoMaterial_Inst.uexp" 950
"../../../Engine/Content/VREditor/TransformGizmo/TransformGizmoMaterial_Inst.uasset" 951
"../../../Engine/Content/VREditor/TransformGizmo/TransformGizmoMaterial_Inst.uexp" 952
"../../../Engine/Content/VREditor/Sounds/UI/Drop_Item_From_ContentBrowser.ubulk" 953
"../../../Engine/Content/VREditor/Sounds/UI/Drop_Item_From_ContentBrowser.uasset" 954
"../../../Engine/Content/VREditor/Sounds/UI/Drop_Item_From_ContentBrowser.uexp" 955
"../../../Engine/Content/VREditor/TransformGizmo/UniformScaleHandle.ubulk" 956
"../../../Engine/Content/VREditor/TransformGizmo/UniformScaleHandle.uasset" 957
"../../../Engine/Content/VREditor/TransformGizmo/UniformScaleHandle.uexp" 958
"../../../Engine/Content/VREditor/TransformGizmo/TranslateArrowHandle.ubulk" 959
"../../../Engine/Content/VREditor/TransformGizmo/TranslateArrowHandle.uasset" 960
"../../../Engine/Content/VREditor/TransformGizmo/TranslateArrowHandle.uexp" 961
"../../../Engine/Content/VREditor/TransformGizmo/TransformGizmoFreeRotation.ubulk" 962
"../../../Engine/Content/VREditor/TransformGizmo/TransformGizmoFreeRotation.uasset" 963
"../../../Engine/Content/VREditor/TransformGizmo/TransformGizmoFreeRotation.uexp" 964
"../../../Engine/Content/VREditor/TransformGizmo/StartRotationHandleIndicator.ubulk" 965
"../../../Engine/Content/VREditor/TransformGizmo/StartRotationHandleIndicator.uasset" 966
"../../../Engine/Content/VREditor/TransformGizmo/StartRotationHandleIndicator.uexp" 967
"../../../Engine/Content/Functions/Engine_MaterialFunctions02/SplitComponents.uasset" 968
"../../../Engine/Content/Functions/Engine_MaterialFunctions02/SplitComponents.uexp" 969
"../../../Engine/Content/VREditor/SnapGrid/SnapGridMaterial.uasset" 970
"../../../Engine/Content/VREditor/SnapGrid/SnapGridMaterial.uexp" 971
"../../../Engine/Content/VREditor/SnapGrid/SnapGridPlaneMesh.ubulk" 972
"../../../Engine/Content/VREditor/SnapGrid/SnapGridPlaneMesh.uasset" 973
"../../../Engine/Content/VREditor/SnapGrid/SnapGridPlaneMesh.uexp" 974
"../../../Engine/Content/VREditor/Sounds/UI/Gizmo_Handle_Clicked.ubulk" 975
"../../../Engine/Content/VREditor/Sounds/UI/Gizmo_Handle_Clicked.uasset" 976
"../../../Engine/Content/VREditor/Sounds/UI/Gizmo_Handle_Clicked.uexp" 977
"../../../Engine/Content/VREditor/Sounds/UI/Object_PickUp.ubulk" 978
"../../../Engine/Content/VREditor/Sounds/UI/Object_PickUp.uasset" 979
"../../../Engine/Content/VREditor/Sounds/UI/Object_PickUp.uexp" 980
"../../../Engine/Content/VREditor/Sounds/UI/Object_Snaps_To_Another_Actor.ubulk" 981
"../../../Engine/Content/VREditor/Sounds/UI/Object_Snaps_To_Another_Actor.uasset" 982
"../../../Engine/Content/VREditor/Sounds/UI/Object_Snaps_To_Another_Actor.uexp" 983
"../../../Engine/Content/VREditor/Sounds/UI/Object_Snaps_To_Grid.ubulk" 984
"../../../Engine/Content/VREditor/Sounds/UI/Object_Snaps_To_Grid.uasset" 985
"../../../Engine/Content/VREditor/Sounds/UI/Object_Snaps_To_Grid.uexp" 986
"../../../Engine/Content/VREditor/Sounds/UI/Scaling_Down.ubulk" 987
"../../../Engine/Content/VREditor/Sounds/UI/Scaling_Down.uasset" 988
"../../../Engine/Content/VREditor/Sounds/UI/Scaling_Down.uexp" 989
"../../../Engine/Content/VREditor/Sounds/UI/Scaling_Up.ubulk" 990
"../../../Engine/Content/VREditor/Sounds/UI/Scaling_Up.uasset" 991
"../../../Engine/Content/VREditor/Sounds/UI/Scaling_Up.uexp" 992
"../../../Engine/Content/VREditor/Sounds/UI/Selection_Changes.ubulk" 993
"../../../Engine/Content/VREditor/Sounds/UI/Selection_Changes.uasset" 994
"../../../Engine/Content/VREditor/Sounds/UI/Selection_Changes.uexp" 995
"../../../Engine/Content/VREditor/TransformGizmo/PlaneTranslationHandle.ubulk" 996
"../../../Engine/Content/VREditor/TransformGizmo/PlaneTranslationHandle.uasset" 997
"../../../Engine/Content/VREditor/TransformGizmo/PlaneTranslationHandle.uexp" 998
"../../../Engine/Content/VREditor/TransformGizmo/RotationHandleFull.ubulk" 999
"../../../Engine/Content/VREditor/TransformGizmo/RotationHandleFull.uasset" 1000
"../../../Engine/Content/VREditor/TransformGizmo/RotationHandleFull.uexp" 1001
"../../../Engine/Content/VREditor/TransformGizmo/RotationHandleIndicator.ubulk" 1002
"../../../Engine/Content/VREditor/TransformGizmo/RotationHandleIndicator.uasset" 1003
"../../../Engine/Content/VREditor/TransformGizmo/RotationHandleIndicator.uexp" 1004
"../../../Engine/Content/VREditor/TransformGizmo/RotationHandleQuarter.ubulk" 1005
"../../../Engine/Content/VREditor/TransformGizmo/RotationHandleQuarter.uasset" 1006
"../../../Engine/Content/VREditor/TransformGizmo/RotationHandleQuarter.uexp" 1007
"../../../Engine/Plugins/Animation/DeformerGraph/Content/DeformerFunctions/DG_Function_LinearBlendSkin_Morph_Cloth.uasset" 1008
"../../../Engine/Plugins/Animation/DeformerGraph/Content/DeformerFunctions/DG_Function_LinearBlendSkin_Morph_Cloth.uexp" 1009
"../../../Engine/Plugins/Animation/DeformerGraph/Content/Deformers/DG_LinearBlendSkin_Morph_Cloth.uasset" 1010
"../../../Engine/Plugins/Animation/DeformerGraph/Content/Deformers/DG_LinearBlendSkin_Morph_Cloth.uexp" 1011
"../../../Engine/Plugins/Animation/DeformerGraph/Content/DeformerFunctions/DG_Function_LinearBlendSkin_Morph_Cloth_PositionOnly.uasset" 1012
"../../../Engine/Plugins/Animation/DeformerGraph/Content/DeformerFunctions/DG_Function_LinearBlendSkin_Morph_Cloth_PositionOnly.uexp" 1013
"../../../Engine/Plugins/Animation/DeformerGraph/Content/DeformerFunctions/DG_Function_ComputeNormalsTangents.uasset" 1014
"../../../Engine/Plugins/Animation/DeformerGraph/Content/DeformerFunctions/DG_Function_ComputeNormalsTangents.uexp" 1015
"../../../Engine/Plugins/Animation/DeformerGraph/Content/Deformers/DG_LinearBlendSkin_Morph_Cloth_RecomputeNormals.uasset" 1016
"../../../Engine/Plugins/Animation/DeformerGraph/Content/Deformers/DG_LinearBlendSkin_Morph_Cloth_RecomputeNormals.uexp" 1017
"../../../Engine/Plugins/NNE/NNEDenoiser/Content/NNEDT_Oidn2-3_Balanced.uasset" 1018
"../../../Engine/Plugins/NNE/NNEDenoiser/Content/NNEDT_Oidn2-3_Balanced.uexp" 1019
"../../../Engine/Plugins/NNE/NNEDenoiser/Content/NNEDT_Oidn2-3_Balanced_Alpha.uasset" 1020
"../../../Engine/Plugins/NNE/NNEDenoiser/Content/NNEDT_Oidn2-3_Balanced_Alpha.uexp" 1021
"../../../Engine/Plugins/NNE/NNEDenoiser/Content/NNED_Oidn2-3_Balanced.uasset" 1022
"../../../Engine/Plugins/NNE/NNEDenoiser/Content/NNED_Oidn2-3_Balanced.uexp" 1023
"../../../Engine/Plugins/NNE/NNEDenoiser/Content/NNED_Oidn2-3_Balanced_Alpha.uasset" 1024
"../../../Engine/Plugins/NNE/NNEDenoiser/Content/NNED_Oidn2-3_Balanced_Alpha.uexp" 1025
"../../../Engine/Plugins/NNE/NNEDenoiser/Content/NNED_Oidn2-3_Fast.uasset" 1026
"../../../Engine/Plugins/NNE/NNEDenoiser/Content/NNED_Oidn2-3_Fast.uexp" 1027
"../../../Engine/Plugins/NNE/NNEDenoiser/Content/NNED_Oidn2-3_Fast_Alpha.uasset" 1028
"../../../Engine/Plugins/NNE/NNEDenoiser/Content/NNED_Oidn2-3_Fast_Alpha.uexp" 1029
"../../../Engine/Plugins/NNE/NNEDenoiser/Content/NNED_Oidn2-3_HighQuality.uasset" 1030
"../../../Engine/Plugins/NNE/NNEDenoiser/Content/NNED_Oidn2-3_HighQuality.uexp" 1031
"../../../Engine/Plugins/NNE/NNEDenoiser/Content/NNED_Oidn2-3_HighQuality_Alpha.uasset" 1032
"../../../Engine/Plugins/NNE/NNEDenoiser/Content/NNED_Oidn2-3_HighQuality_Alpha.uexp" 1033
"../../../Engine/Content/Maps/Entry_BuiltData.uasset" 1034
"../../../Engine/Content/Maps/Entry_BuiltData.uexp" 1035
"../../../Engine/Content/Maps/Entry.uexp" 1036
"../../../Engine/Content/Maps/Entry.umap" 1037
"C:/GitHub/P01_HorrorTemplate/Content/Audio/freesound_community-room-tone-with-computer-noise-33598.ubulk" 1038
"C:/GitHub/P01_HorrorTemplate/Content/Audio/freesound_community-room-tone-with-computer-noise-33598.uasset" 1039
"C:/GitHub/P01_HorrorTemplate/Content/Audio/freesound_community-room-tone-with-computer-noise-33598.uexp" 1040
"C:/GitHub/P01_HorrorTemplate/Content/Audio/freesound_community-room-tone-with-computer-noise-33598_Cue.uasset" 1041
"C:/GitHub/P01_HorrorTemplate/Content/Audio/freesound_community-room-tone-with-computer-noise-33598_Cue.uexp" 1042
"C:/GitHub/P01_HorrorTemplate/Content/Materials/M_Grey_Mid.uasset" 1043
"C:/GitHub/P01_HorrorTemplate/Content/Materials/M_Grey_Mid.uexp" 1044
"C:/GitHub/P01_HorrorTemplate/Content/SuperGrid/StarterPack/Source/Textures/T_BasicGrid_M.ubulk" 1045
"C:/GitHub/P01_HorrorTemplate/Content/SuperGrid/StarterPack/Source/Textures/T_BasicGrid_M.uasset" 1046
"C:/GitHub/P01_HorrorTemplate/Content/SuperGrid/StarterPack/Source/Textures/T_BasicGrid_M.uexp" 1047
"C:/GitHub/P01_HorrorTemplate/Content/SuperGrid/StarterPack/Source/Textures/T_BasicGrid_N.ubulk" 1048
"C:/GitHub/P01_HorrorTemplate/Content/SuperGrid/StarterPack/Source/Textures/T_BasicGrid_N.uasset" 1049
"C:/GitHub/P01_HorrorTemplate/Content/SuperGrid/StarterPack/Source/Textures/T_BasicGrid_N.uexp" 1050
"../../../Engine/Content/Functions/Engine_MaterialFunctions02/Utility/Sign.uasset" 1051
"../../../Engine/Content/Functions/Engine_MaterialFunctions02/Utility/Sign.uexp" 1052
"../../../Engine/Content/Functions/Engine_MaterialFunctions02/Utility/Round.uasset" 1053
"../../../Engine/Content/Functions/Engine_MaterialFunctions02/Utility/Round.uexp" 1054
"C:/GitHub/P01_HorrorTemplate/Content/SuperGrid/StarterPack/Materials/Functions/UV/UV_SetupGrid.uasset" 1055
"C:/GitHub/P01_HorrorTemplate/Content/SuperGrid/StarterPack/Materials/Functions/UV/UV_SetupGrid.uexp" 1056
"C:/GitHub/P01_HorrorTemplate/Content/SuperGrid/StarterPack/Materials/Functions/UV/UV_ObjectScalable.uasset" 1057
"C:/GitHub/P01_HorrorTemplate/Content/SuperGrid/StarterPack/Materials/Functions/UV/UV_ObjectScalable.uexp" 1058
"C:/GitHub/P01_HorrorTemplate/Content/SuperGrid/StarterPack/Materials/Functions/Texture/Tex_SimpleGrid.uasset" 1059
"C:/GitHub/P01_HorrorTemplate/Content/SuperGrid/StarterPack/Materials/Functions/Texture/Tex_SimpleGrid.uexp" 1060
"C:/GitHub/P01_HorrorTemplate/Content/SuperGrid/StarterPack/Materials/Functions/Basic/BreakSet.uasset" 1061
"C:/GitHub/P01_HorrorTemplate/Content/SuperGrid/StarterPack/Materials/Functions/Basic/BreakSet.uexp" 1062
"C:/GitHub/P01_HorrorTemplate/Content/SuperGrid/StarterPack/Materials/Functions/Texture/Dye_SingleColor.uasset" 1063
"C:/GitHub/P01_HorrorTemplate/Content/SuperGrid/StarterPack/Materials/Functions/Texture/Dye_SingleColor.uexp" 1064
"C:/GitHub/P01_HorrorTemplate/Content/SuperGrid/StarterPack/Materials/Functions/Basic/Roughness.uasset" 1065
"C:/GitHub/P01_HorrorTemplate/Content/SuperGrid/StarterPack/Materials/Functions/Basic/Roughness.uexp" 1066
"C:/GitHub/P01_HorrorTemplate/Content/SuperGrid/StarterPack/Materials/Functions/Basic/MakeSet.uasset" 1067
"C:/GitHub/P01_HorrorTemplate/Content/SuperGrid/StarterPack/Materials/Functions/Basic/MakeSet.uexp" 1068
"C:/GitHub/P01_HorrorTemplate/Content/SuperGrid/StarterPack/Materials/Base/M_SuperGrid_SingleColor.uasset" 1069
"C:/GitHub/P01_HorrorTemplate/Content/SuperGrid/StarterPack/Materials/Base/M_SuperGrid_SingleColor.uexp" 1070
"C:/GitHub/P01_HorrorTemplate/Content/WalkingSim/Material/M_SuperGrid_Blue.uasset" 1071
"C:/GitHub/P01_HorrorTemplate/Content/WalkingSim/Material/M_SuperGrid_Blue.uexp" 1072
"C:/GitHub/P01_HorrorTemplate/Content/WalkingSim/Mesh/SM_Wall_3x3.ubulk" 1073
"C:/GitHub/P01_HorrorTemplate/Content/WalkingSim/Mesh/SM_Wall_3x3.uasset" 1074
"C:/GitHub/P01_HorrorTemplate/Content/WalkingSim/Mesh/SM_Wall_3x3.uexp" 1075
"C:/GitHub/P01_HorrorTemplate/Content/WalkingSim/Mesh/SM_DoorWay_3x3.ubulk" 1076
"C:/GitHub/P01_HorrorTemplate/Content/WalkingSim/Mesh/SM_DoorWay_3x3.uasset" 1077
"C:/GitHub/P01_HorrorTemplate/Content/WalkingSim/Mesh/SM_DoorWay_3x3.uexp" 1078
"C:/GitHub/P01_HorrorTemplate/Content/WalkingSim/Mesh/SM_3x3_Floor.ubulk" 1079
"C:/GitHub/P01_HorrorTemplate/Content/WalkingSim/Mesh/SM_3x3_Floor.uasset" 1080
"C:/GitHub/P01_HorrorTemplate/Content/WalkingSim/Mesh/SM_3x3_Floor.uexp" 1081
"C:/GitHub/P01_HorrorTemplate/Content/FirstPerson/Blueprints/BPI_Interact.uasset" 1082
"C:/GitHub/P01_HorrorTemplate/Content/FirstPerson/Blueprints/BPI_Interact.uexp" 1083
"C:/GitHub/P01_HorrorTemplate/Content/ThirdPerson/Input/Actions/IA_Sprint.uasset" 1084
"C:/GitHub/P01_HorrorTemplate/Content/ThirdPerson/Input/Actions/IA_Sprint.uexp" 1085
"C:/GitHub/P01_HorrorTemplate/Content/ThirdPerson/Input/Actions/IA_Move.uasset" 1086
"C:/GitHub/P01_HorrorTemplate/Content/ThirdPerson/Input/Actions/IA_Move.uexp" 1087
"C:/GitHub/P01_HorrorTemplate/Content/ThirdPerson/Input/Actions/IA_Look.uasset" 1088
"C:/GitHub/P01_HorrorTemplate/Content/ThirdPerson/Input/Actions/IA_Look.uexp" 1089
"C:/GitHub/P01_HorrorTemplate/Content/ThirdPerson/Input/Actions/IA_Jump.uasset" 1090
"C:/GitHub/P01_HorrorTemplate/Content/ThirdPerson/Input/Actions/IA_Jump.uexp" 1091
"C:/GitHub/P01_HorrorTemplate/Content/ThirdPerson/Input/IMC_Default.uasset" 1092
"C:/GitHub/P01_HorrorTemplate/Content/ThirdPerson/Input/IMC_Default.uexp" 1093
"C:/GitHub/P01_HorrorTemplate/Content/Characters/Mannequins/Meshes/SK_Mannequin.uasset" 1094
"C:/GitHub/P01_HorrorTemplate/Content/Characters/Mannequins/Meshes/SK_Mannequin.uexp" 1095
"C:/GitHub/P01_HorrorTemplate/Content/Characters/Mannequins/Rigs/PA_Mannequin.uasset" 1096
"C:/GitHub/P01_HorrorTemplate/Content/Characters/Mannequins/Rigs/PA_Mannequin.uexp" 1097
"C:/GitHub/P01_HorrorTemplate/Content/Characters/Mannequins/Textures/Shared/T_UE_Logo_M.uasset" 1098
"C:/GitHub/P01_HorrorTemplate/Content/Characters/Mannequins/Textures/Shared/T_UE_Logo_M.uexp" 1099
"C:/GitHub/P01_HorrorTemplate/Content/Characters/Mannequins/Textures/Manny/T_Manny_01_MRA.ubulk" 1100
"C:/GitHub/P01_HorrorTemplate/Content/Characters/Mannequins/Textures/Manny/T_Manny_01_MRA.uasset" 1101
"C:/GitHub/P01_HorrorTemplate/Content/Characters/Mannequins/Textures/Manny/T_Manny_01_MRA.uexp" 1102
"C:/GitHub/P01_HorrorTemplate/Content/Characters/Mannequins/Textures/Manny/T_Manny_01_D.ubulk" 1103
"C:/GitHub/P01_HorrorTemplate/Content/Characters/Mannequins/Textures/Manny/T_Manny_01_D.uasset" 1104
"C:/GitHub/P01_HorrorTemplate/Content/Characters/Mannequins/Textures/Manny/T_Manny_01_D.uexp" 1105
"C:/GitHub/P01_HorrorTemplate/Content/Characters/Mannequins/Textures/Manny/T_Manny_01_BN.ubulk" 1106
"C:/GitHub/P01_HorrorTemplate/Content/Characters/Mannequins/Textures/Manny/T_Manny_01_BN.uasset" 1107
"C:/GitHub/P01_HorrorTemplate/Content/Characters/Mannequins/Textures/Manny/T_Manny_01_BN.uexp" 1108
"C:/GitHub/P01_HorrorTemplate/Content/Characters/Mannequins/Materials/M_Mannequin.uasset" 1109
"C:/GitHub/P01_HorrorTemplate/Content/Characters/Mannequins/Materials/M_Mannequin.uexp" 1110
"C:/GitHub/P01_HorrorTemplate/Content/Characters/Mannequins/Textures/Quinn/T_Quinn_01_N.ubulk" 1111
"C:/GitHub/P01_HorrorTemplate/Content/Characters/Mannequins/Textures/Quinn/T_Quinn_01_N.uasset" 1112
"C:/GitHub/P01_HorrorTemplate/Content/Characters/Mannequins/Textures/Quinn/T_Quinn_01_N.uexp" 1113
"C:/GitHub/P01_HorrorTemplate/Content/Characters/Mannequins/Textures/Quinn/T_Quinn_01_MRA.ubulk" 1114
"C:/GitHub/P01_HorrorTemplate/Content/Characters/Mannequins/Textures/Quinn/T_Quinn_01_MRA.uasset" 1115
"C:/GitHub/P01_HorrorTemplate/Content/Characters/Mannequins/Textures/Quinn/T_Quinn_01_MRA.uexp" 1116
"C:/GitHub/P01_HorrorTemplate/Content/Characters/Mannequins/Textures/Quinn/T_Quinn_01_D.ubulk" 1117
"C:/GitHub/P01_HorrorTemplate/Content/Characters/Mannequins/Textures/Quinn/T_Quinn_01_D.uasset" 1118
"C:/GitHub/P01_HorrorTemplate/Content/Characters/Mannequins/Textures/Quinn/T_Quinn_01_D.uexp" 1119
"C:/GitHub/P01_HorrorTemplate/Content/Characters/Mannequins/Materials/Quinn/MI_Quinn_01.uasset" 1120
"C:/GitHub/P01_HorrorTemplate/Content/Characters/Mannequins/Materials/Quinn/MI_Quinn_01.uexp" 1121
"C:/GitHub/P01_HorrorTemplate/Content/Characters/Mannequins/Textures/Quinn/T_Quinn_02_N.ubulk" 1122
"C:/GitHub/P01_HorrorTemplate/Content/Characters/Mannequins/Textures/Quinn/T_Quinn_02_N.uasset" 1123
"C:/GitHub/P01_HorrorTemplate/Content/Characters/Mannequins/Textures/Quinn/T_Quinn_02_N.uexp" 1124
"C:/GitHub/P01_HorrorTemplate/Content/Characters/Mannequins/Textures/Quinn/T_Quinn_02_MRA.ubulk" 1125
"C:/GitHub/P01_HorrorTemplate/Content/Characters/Mannequins/Textures/Quinn/T_Quinn_02_MRA.uasset" 1126
"C:/GitHub/P01_HorrorTemplate/Content/Characters/Mannequins/Textures/Quinn/T_Quinn_02_MRA.uexp" 1127
"C:/GitHub/P01_HorrorTemplate/Content/Characters/Mannequins/Textures/Quinn/T_Quinn_02_D.ubulk" 1128
"C:/GitHub/P01_HorrorTemplate/Content/Characters/Mannequins/Textures/Quinn/T_Quinn_02_D.uasset" 1129
"C:/GitHub/P01_HorrorTemplate/Content/Characters/Mannequins/Textures/Quinn/T_Quinn_02_D.uexp" 1130
"C:/GitHub/P01_HorrorTemplate/Content/Characters/Mannequins/Materials/Quinn/MI_Quinn_02.uasset" 1131
"C:/GitHub/P01_HorrorTemplate/Content/Characters/Mannequins/Materials/Quinn/MI_Quinn_02.uexp" 1132
"C:/GitHub/P01_HorrorTemplate/Content/Characters/Mannequins/Meshes/SKM_Quinn_Simple.uasset" 1133
"C:/GitHub/P01_HorrorTemplate/Content/Characters/Mannequins/Meshes/SKM_Quinn_Simple.uexp" 1134
"../../../Engine/Content/Animation/DefaultVariableFrameStrippingSettings.uasset" 1135
"../../../Engine/Content/Animation/DefaultVariableFrameStrippingSettings.uexp" 1136
"../../../Engine/Content/Animation/DefaultAnimCurveCompressionSettings.uasset" 1137
"../../../Engine/Content/Animation/DefaultAnimCurveCompressionSettings.uexp" 1138
"../../../Engine/Content/Animation/DefaultAnimBoneCompressionSettings.uasset" 1139
"../../../Engine/Content/Animation/DefaultAnimBoneCompressionSettings.uexp" 1140
"C:/GitHub/P01_HorrorTemplate/Content/Characters/Mannequins/Animations/Manny/MM_Idle.uasset" 1141
"C:/GitHub/P01_HorrorTemplate/Content/Characters/Mannequins/Animations/Manny/MM_Idle.uexp" 1142
"../../../Engine/Plugins/Animation/ControlRig/Content/Controls/DefaultGizmoLibrary.uasset" 1143
"../../../Engine/Plugins/Animation/ControlRig/Content/Controls/DefaultGizmoLibrary.uexp" 1144
"C:/GitHub/P01_HorrorTemplate/Content/Characters/Mannequins/Rigs/CR_Mannequin_BasicFootIK.uasset" 1145
"C:/GitHub/P01_HorrorTemplate/Content/Characters/Mannequins/Rigs/CR_Mannequin_BasicFootIK.uexp" 1146
"C:/GitHub/P01_HorrorTemplate/Content/Characters/Mannequins/Animations/Manny/MM_Land.uasset" 1147
"C:/GitHub/P01_HorrorTemplate/Content/Characters/Mannequins/Animations/Manny/MM_Land.uexp" 1148
"C:/GitHub/P01_HorrorTemplate/Content/Characters/Mannequins/Animations/Manny/MM_Jump.uasset" 1149
"C:/GitHub/P01_HorrorTemplate/Content/Characters/Mannequins/Animations/Manny/MM_Jump.uexp" 1150
"C:/GitHub/P01_HorrorTemplate/Content/Characters/Mannequins/Animations/Manny/MM_Fall_Loop.uasset" 1151
"C:/GitHub/P01_HorrorTemplate/Content/Characters/Mannequins/Animations/Manny/MM_Fall_Loop.uexp" 1152
"../../../Engine/Content/Animation/DefaultRecorderBoneCompression.uasset" 1153
"../../../Engine/Content/Animation/DefaultRecorderBoneCompression.uexp" 1154
"C:/GitHub/P01_HorrorTemplate/Content/Characters/Mannequins/Animations/Manny/MM_Walk_InPlace.uasset" 1155
"C:/GitHub/P01_HorrorTemplate/Content/Characters/Mannequins/Animations/Manny/MM_Walk_InPlace.uexp" 1156
"C:/GitHub/P01_HorrorTemplate/Content/Characters/Mannequins/Animations/Manny/MM_Walk_Fwd.uasset" 1157
"C:/GitHub/P01_HorrorTemplate/Content/Characters/Mannequins/Animations/Manny/MM_Walk_Fwd.uexp" 1158
"C:/GitHub/P01_HorrorTemplate/Content/WalkingSim/Audio/Triggered/freesoundsxx-walking-up-the-stairs-268464.ubulk" 1159
"C:/GitHub/P01_HorrorTemplate/Content/WalkingSim/Audio/Triggered/freesoundsxx-walking-up-the-stairs-268464.uasset" 1160
"C:/GitHub/P01_HorrorTemplate/Content/WalkingSim/Audio/Triggered/freesoundsxx-walking-up-the-stairs-268464.uexp" 1161
"C:/GitHub/P01_HorrorTemplate/Content/WalkingSim/Audio/Triggered/freesoundsxx-walking-outside-268459.ubulk" 1162
"C:/GitHub/P01_HorrorTemplate/Content/WalkingSim/Audio/Triggered/freesoundsxx-walking-outside-268459.uasset" 1163
"C:/GitHub/P01_HorrorTemplate/Content/WalkingSim/Audio/Triggered/freesoundsxx-walking-outside-268459.uexp" 1164
"C:/GitHub/P01_HorrorTemplate/Content/WalkingSim/Audio/Triggered/freesoundsxx-walking-on-concrete-ver-2-268513.ubulk" 1165
"C:/GitHub/P01_HorrorTemplate/Content/WalkingSim/Audio/Triggered/freesoundsxx-walking-on-concrete-ver-2-268513.uasset" 1166
"C:/GitHub/P01_HorrorTemplate/Content/WalkingSim/Audio/Triggered/freesoundsxx-walking-on-concrete-ver-2-268513.uexp" 1167
"C:/GitHub/P01_HorrorTemplate/Content/WalkingSim/Audio/Triggered/WalkingCue.uasset" 1168
"C:/GitHub/P01_HorrorTemplate/Content/WalkingSim/Audio/Triggered/WalkingCue.uexp" 1169
"C:/GitHub/P01_HorrorTemplate/Content/Characters/Mannequins/Animations/Manny/MM_Run_Fwd.uasset" 1170
"C:/GitHub/P01_HorrorTemplate/Content/Characters/Mannequins/Animations/Manny/MM_Run_Fwd.uexp" 1171
"C:/GitHub/P01_HorrorTemplate/Content/Characters/Mannequins/Animations/Manny/BS_MM_WalkRun.uasset" 1172
"C:/GitHub/P01_HorrorTemplate/Content/Characters/Mannequins/Animations/Manny/BS_MM_WalkRun.uexp" 1173
"C:/GitHub/P01_HorrorTemplate/Content/Characters/Mannequins/Animations/ABP_Manny.uasset" 1174
"C:/GitHub/P01_HorrorTemplate/Content/Characters/Mannequins/Animations/ABP_Manny.uexp" 1175
"C:/GitHub/P01_HorrorTemplate/Content/Characters/Mannequins/Animations/Quinn/MF_Idle.uasset" 1176
"C:/GitHub/P01_HorrorTemplate/Content/Characters/Mannequins/Animations/Quinn/MF_Idle.uexp" 1177
"C:/GitHub/P01_HorrorTemplate/Content/Characters/Mannequins/Animations/Quinn/MF_Walk_Fwd.uasset" 1178
"C:/GitHub/P01_HorrorTemplate/Content/Characters/Mannequins/Animations/Quinn/MF_Walk_Fwd.uexp" 1179
"C:/GitHub/P01_HorrorTemplate/Content/Characters/Mannequins/Animations/Quinn/MF_Run_Fwd.uasset" 1180
"C:/GitHub/P01_HorrorTemplate/Content/Characters/Mannequins/Animations/Quinn/MF_Run_Fwd.uexp" 1181
"C:/GitHub/P01_HorrorTemplate/Content/Characters/Mannequins/Animations/Quinn/BS_MF_Unarmed_WalkRun.uasset" 1182
"C:/GitHub/P01_HorrorTemplate/Content/Characters/Mannequins/Animations/Quinn/BS_MF_Unarmed_WalkRun.uexp" 1183
"C:/GitHub/P01_HorrorTemplate/Content/Characters/Mannequins/Animations/ABP_Quinn.uasset" 1184
"C:/GitHub/P01_HorrorTemplate/Content/Characters/Mannequins/Animations/ABP_Quinn.uexp" 1185
"C:/GitHub/P01_HorrorTemplate/Content/DuckBill_Sections/_GENERATED/Landii/Notes/BPI_Note.uasset" 1186
"C:/GitHub/P01_HorrorTemplate/Content/DuckBill_Sections/_GENERATED/Landii/Notes/BPI_Note.uexp" 1187
"C:/GitHub/P01_HorrorTemplate/Content/WalkingSim/Character/BP_Horror_FirstPersonCharacter.uasset" 1188
"C:/GitHub/P01_HorrorTemplate/Content/WalkingSim/Character/BP_Horror_FirstPersonCharacter.uexp" 1189
"C:/GitHub/P01_HorrorTemplate/Content/WalkingSim/Widgets/WB_Fade.uasset" 1190
"C:/GitHub/P01_HorrorTemplate/Content/WalkingSim/Widgets/WB_Fade.uexp" 1191
"C:/GitHub/P01_HorrorTemplate/Content/WalkingSim/Blueprints/BP_LevelTransition.uasset" 1192
"C:/GitHub/P01_HorrorTemplate/Content/WalkingSim/Blueprints/BP_LevelTransition.uexp" 1193
"C:/GitHub/P01_HorrorTemplate/Content/WalkingSim/Audio/Ambient/horror-ambience-17601.ubulk" 1194
"C:/GitHub/P01_HorrorTemplate/Content/WalkingSim/Audio/Ambient/horror-ambience-17601.uasset" 1195
"C:/GitHub/P01_HorrorTemplate/Content/WalkingSim/Audio/Ambient/horror-ambience-17601.uexp" 1196
"C:/GitHub/P01_HorrorTemplate/Content/WalkingSim/Audio/Ambient/horror-ambience-17601_Cue.uasset" 1197
"C:/GitHub/P01_HorrorTemplate/Content/WalkingSim/Audio/Ambient/horror-ambience-17601_Cue.uexp" 1198
"C:/GitHub/P01_HorrorTemplate/Content/Input/Actions/IA_Move.uasset" 1199
"C:/GitHub/P01_HorrorTemplate/Content/Input/Actions/IA_Move.uexp" 1200
"C:/GitHub/P01_HorrorTemplate/Content/Input/Actions/IA_Jump.uasset" 1201
"C:/GitHub/P01_HorrorTemplate/Content/Input/Actions/IA_Jump.uexp" 1202
"C:/GitHub/P01_HorrorTemplate/Content/Input/Actions/IA_Look.uasset" 1203
"C:/GitHub/P01_HorrorTemplate/Content/Input/Actions/IA_Look.uexp" 1204
"C:/GitHub/P01_HorrorTemplate/Content/Input/IMC_Default.uasset" 1205
"C:/GitHub/P01_HorrorTemplate/Content/Input/IMC_Default.uexp" 1206
"C:/GitHub/P01_HorrorTemplate/Content/FirstPerson/Blueprints/BP_FP_CameraManager.uasset" 1207
"C:/GitHub/P01_HorrorTemplate/Content/FirstPerson/Blueprints/BP_FP_CameraManager.uexp" 1208
"C:/GitHub/P01_HorrorTemplate/Content/FirstPerson/Blueprints/BP_FirstPersonPlayerController.uasset" 1209
"C:/GitHub/P01_HorrorTemplate/Content/FirstPerson/Blueprints/BP_FirstPersonPlayerController.uexp" 1210
"C:/GitHub/P01_HorrorTemplate/Content/Variant_Horror/Blueprints/GM_Horror.uasset" 1211
"C:/GitHub/P01_HorrorTemplate/Content/Variant_Horror/Blueprints/GM_Horror.uexp" 1212
"../../../Engine/Content/BasicShapes/Cylinder.ubulk" 1213
"../../../Engine/Content/BasicShapes/Cylinder.uasset" 1214
"../../../Engine/Content/BasicShapes/Cylinder.uexp" 1215
"C:/GitHub/P01_HorrorTemplate/Content/Variant_Horror/Blueprints/Light/Assets/Materials/MF_LightFlicker.uasset" 1216
"C:/GitHub/P01_HorrorTemplate/Content/Variant_Horror/Blueprints/Light/Assets/Materials/MF_LightFlicker.uexp" 1217
"C:/GitHub/P01_HorrorTemplate/Content/Variant_Horror/Blueprints/Light/Assets/Materials/M_Light.uasset" 1218
"C:/GitHub/P01_HorrorTemplate/Content/Variant_Horror/Blueprints/Light/Assets/Materials/M_Light.uexp" 1219
"C:/GitHub/P01_HorrorTemplate/Content/Variant_Horror/Blueprints/Light/Assets/Materials/MI_FlickeringLight.uasset" 1220
"C:/GitHub/P01_HorrorTemplate/Content/Variant_Horror/Blueprints/Light/Assets/Materials/MI_FlickeringLight.uexp" 1221
"C:/GitHub/P01_HorrorTemplate/Content/Variant_Horror/Blueprints/Light/Assets/Materials/LF_Flicker.uasset" 1222
"C:/GitHub/P01_HorrorTemplate/Content/Variant_Horror/Blueprints/Light/Assets/Materials/LF_Flicker.uexp" 1223
"../../../Engine/Content/BasicShapes/BasicShapeMaterial.uasset" 1224
"../../../Engine/Content/BasicShapes/BasicShapeMaterial.uexp" 1225
"../../../Engine/Content/EngineLightProfiles/Complex_IES.uasset" 1226
"../../../Engine/Content/EngineLightProfiles/Complex_IES.uexp" 1227
"../../../Engine/Content/Functions/Engine_MaterialFunctions01/Density/ExponentialDensity.uasset" 1228
"../../../Engine/Content/Functions/Engine_MaterialFunctions01/Density/ExponentialDensity.uexp" 1229
"../../../Engine/Content/Functions/Engine_MaterialFunctions01/Gradient/RadialGradientExponential.uasset" 1230
"../../../Engine/Content/Functions/Engine_MaterialFunctions01/Gradient/RadialGradientExponential.uexp" 1231
"C:/GitHub/P01_HorrorTemplate/Content/Variant_Horror/Blueprints/Light/Assets/Materials/M_DustMote.uasset" 1232
"C:/GitHub/P01_HorrorTemplate/Content/Variant_Horror/Blueprints/Light/Assets/Materials/M_DustMote.uexp" 1233
"C:/GitHub/P01_HorrorTemplate/Content/Variant_Horror/Blueprints/Light/Assets/NS_DustMote.uasset" 1234
"C:/GitHub/P01_HorrorTemplate/Content/Variant_Horror/Blueprints/Light/Assets/NS_DustMote.uexp" 1235
"C:/GitHub/P01_HorrorTemplate/Content/Variant_Horror/Blueprints/Light/Light.uasset" 1236
"C:/GitHub/P01_HorrorTemplate/Content/Variant_Horror/Blueprints/Light/Light.uexp" 1237
"C:/GitHub/P01_HorrorTemplate/Content/RandallVillegas/Textures/TestWidet_Icon__.uasset" 1238
"C:/GitHub/P01_HorrorTemplate/Content/RandallVillegas/Textures/TestWidet_Icon__.uexp" 1239
"C:/GitHub/P01_HorrorTemplate/Content/FirstPerson/Blueprints/W_InteractPrompt.uasset" 1240
"C:/GitHub/P01_HorrorTemplate/Content/FirstPerson/Blueprints/W_InteractPrompt.uexp" 1241
"C:/GitHub/P01_HorrorTemplate/Content/FirstPerson/Blueprints/BPI_Door.uasset" 1242
"C:/GitHub/P01_HorrorTemplate/Content/FirstPerson/Blueprints/BPI_Door.uexp" 1243
"C:/GitHub/P01_HorrorTemplate/Content/StarterContent/Textures/T_Door_N.ubulk" 1244
"C:/GitHub/P01_HorrorTemplate/Content/StarterContent/Textures/T_Door_N.uasset" 1245
"C:/GitHub/P01_HorrorTemplate/Content/StarterContent/Textures/T_Door_N.uexp" 1246
"C:/GitHub/P01_HorrorTemplate/Content/StarterContent/Textures/T_Door_M.ubulk" 1247
"C:/GitHub/P01_HorrorTemplate/Content/StarterContent/Textures/T_Door_M.uasset" 1248
"C:/GitHub/P01_HorrorTemplate/Content/StarterContent/Textures/T_Door_M.uexp" 1249
"C:/GitHub/P01_HorrorTemplate/Content/StarterContent/Props/Materials/M_Door.uasset" 1250
"C:/GitHub/P01_HorrorTemplate/Content/StarterContent/Props/Materials/M_Door.uexp" 1251
"C:/GitHub/P01_HorrorTemplate/Content/StarterContent/Materials/M_Glass.uasset" 1252
"C:/GitHub/P01_HorrorTemplate/Content/StarterContent/Materials/M_Glass.uexp" 1253
"C:/GitHub/P01_HorrorTemplate/Content/StarterContent/Props/SM_Door.ubulk" 1254
"C:/GitHub/P01_HorrorTemplate/Content/StarterContent/Props/SM_Door.uasset" 1255
"C:/GitHub/P01_HorrorTemplate/Content/StarterContent/Props/SM_Door.uexp" 1256
"C:/GitHub/P01_HorrorTemplate/Content/WalkingSim/Blueprints/BP_Door_Key.uasset" 1257
"C:/GitHub/P01_HorrorTemplate/Content/WalkingSim/Blueprints/BP_Door_Key.uexp" 1258
"C:/GitHub/P01_HorrorTemplate/Content/RandallVillegas/Materials/M_Emiss_Gold.uasset" 1259
"C:/GitHub/P01_HorrorTemplate/Content/RandallVillegas/Materials/M_Emiss_Gold.uexp" 1260
"C:/GitHub/P01_HorrorTemplate/Content/RandallVillegas/Prototypes/_GENERATED/RandallVillegas/Key.ubulk" 1261
"C:/GitHub/P01_HorrorTemplate/Content/RandallVillegas/Prototypes/_GENERATED/RandallVillegas/Key.uasset" 1262
"C:/GitHub/P01_HorrorTemplate/Content/RandallVillegas/Prototypes/_GENERATED/RandallVillegas/Key.uexp" 1263
"C:/GitHub/P01_HorrorTemplate/Content/WalkingSim/Blueprints/BP_Key.uasset" 1264
"C:/GitHub/P01_HorrorTemplate/Content/WalkingSim/Blueprints/BP_Key.uexp" 1265
"C:/GitHub/P01_HorrorTemplate/Content/LevelPrototyping/Materials/M_FlatCol.uasset" 1266
"C:/GitHub/P01_HorrorTemplate/Content/LevelPrototyping/Materials/M_FlatCol.uexp" 1267
"C:/GitHub/P01_HorrorTemplate/Content/DuckBill_Sections/_GENERATED/Landii/BP_Invis_Wall.ubulk" 1268
"C:/GitHub/P01_HorrorTemplate/Content/DuckBill_Sections/_GENERATED/Landii/BP_Invis_Wall.uasset" 1269
"C:/GitHub/P01_HorrorTemplate/Content/DuckBill_Sections/_GENERATED/Landii/BP_Invis_Wall.uexp" 1270
"C:/GitHub/P01_HorrorTemplate/Content/DuckBill_Sections/_GENERATED/Landii/Box_Blueprint.uasset" 1271
"C:/GitHub/P01_HorrorTemplate/Content/DuckBill_Sections/_GENERATED/Landii/Box_Blueprint.uexp" 1272
"C:/GitHub/P01_HorrorTemplate/Content/LevelPrototyping/Materials/MI_DefaultColorway.uasset" 1273
"C:/GitHub/P01_HorrorTemplate/Content/LevelPrototyping/Materials/MI_DefaultColorway.uexp" 1274
"C:/GitHub/P01_HorrorTemplate/Content/LevelPrototyping/Interactable/Door/Assets/Meshes/SM_DoorFrame_Edge.ubulk" 1275
"C:/GitHub/P01_HorrorTemplate/Content/LevelPrototyping/Interactable/Door/Assets/Meshes/SM_DoorFrame_Edge.uasset" 1276
"C:/GitHub/P01_HorrorTemplate/Content/LevelPrototyping/Interactable/Door/Assets/Meshes/SM_DoorFrame_Edge.uexp" 1277
"../../../Engine/Content/BasicShapes/Cube.ubulk" 1278
"../../../Engine/Content/BasicShapes/Cube.uasset" 1279
"../../../Engine/Content/BasicShapes/Cube.uexp" 1280
"../../../Engine/Content/EngineDebugMaterials/VertexColorViewMode_GreenOnly.uasset" 1281
"../../../Engine/Content/EngineDebugMaterials/VertexColorViewMode_GreenOnly.uexp" 1282
"C:/GitHub/P01_HorrorTemplate/Content/LevelPrototyping/Interactable/Door/BP_Door_Trigger_Green.uasset" 1283
"C:/GitHub/P01_HorrorTemplate/Content/LevelPrototyping/Interactable/Door/BP_Door_Trigger_Green.uexp" 1284
"C:/GitHub/P01_HorrorTemplate/Content/WalkingSim/Material/M_SuperGrid_Green.uasset" 1285
"C:/GitHub/P01_HorrorTemplate/Content/WalkingSim/Material/M_SuperGrid_Green.uexp" 1286
"C:/GitHub/P01_HorrorTemplate/Content/DuckBill_Sections/_GENERATED/Landii/Puzzle_Box.ubulk" 1287
"C:/GitHub/P01_HorrorTemplate/Content/DuckBill_Sections/_GENERATED/Landii/Puzzle_Box.uasset" 1288
"C:/GitHub/P01_HorrorTemplate/Content/DuckBill_Sections/_GENERATED/Landii/Puzzle_Box.uexp" 1289
"C:/GitHub/P01_HorrorTemplate/Content/DuckBill_Sections/_GENERATED/Landii/BP_Puzzle_Green.uasset" 1290
"C:/GitHub/P01_HorrorTemplate/Content/DuckBill_Sections/_GENERATED/Landii/BP_Puzzle_Green.uexp" 1291
"C:/GitHub/P01_HorrorTemplate/Content/RandallVillegas/Materials/M_Emiss_Red.uasset" 1292
"C:/GitHub/P01_HorrorTemplate/Content/RandallVillegas/Materials/M_Emiss_Red.uexp" 1293
"C:/GitHub/P01_HorrorTemplate/Content/LevelPrototyping/Interactable/Door/BP_Door_Trigger_Red.uasset" 1294
"C:/GitHub/P01_HorrorTemplate/Content/LevelPrototyping/Interactable/Door/BP_Door_Trigger_Red.uexp" 1295
"../../../Engine/Content/ArtTools/RenderToTexture/Materials/Debug/M_Emissive_Color.uasset" 1296
"../../../Engine/Content/ArtTools/RenderToTexture/Materials/Debug/M_Emissive_Color.uexp" 1297
"../../../Engine/Content/ArtTools/RenderToTexture/Materials/Debug/M_Emissive_Color_0-0-127.uasset" 1298
"../../../Engine/Content/ArtTools/RenderToTexture/Materials/Debug/M_Emissive_Color_0-0-127.uexp" 1299
"C:/GitHub/P01_HorrorTemplate/Content/LevelPrototyping/Interactable/Door/BP_Door_Trigger_Blue.uasset" 1300
"C:/GitHub/P01_HorrorTemplate/Content/LevelPrototyping/Interactable/Door/BP_Door_Trigger_Blue.uexp" 1301
"C:/GitHub/P01_HorrorTemplate/Content/DuckBill_Sections/_GENERATED/Landii/BP_Puzzle_Blue.uasset" 1302
"C:/GitHub/P01_HorrorTemplate/Content/DuckBill_Sections/_GENERATED/Landii/BP_Puzzle_Blue.uexp" 1303
"C:/GitHub/P01_HorrorTemplate/Content/WalkingSim/Material/M_SuperGrid_Red.uasset" 1304
"C:/GitHub/P01_HorrorTemplate/Content/WalkingSim/Material/M_SuperGrid_Red.uexp" 1305
"C:/GitHub/P01_HorrorTemplate/Content/DuckBill_Sections/_GENERATED/Landii/BP_Puzzle_Red.uasset" 1306
"C:/GitHub/P01_HorrorTemplate/Content/DuckBill_Sections/_GENERATED/Landii/BP_Puzzle_Red.uexp" 1307
"C:/GitHub/P01_HorrorTemplate/Content/WalkingSim/Audio/Triggered/freesound_community-heavy-mechancial-door-open-6934.ubulk" 1308
"C:/GitHub/P01_HorrorTemplate/Content/WalkingSim/Audio/Triggered/freesound_community-heavy-mechancial-door-open-6934.uasset" 1309
"C:/GitHub/P01_HorrorTemplate/Content/WalkingSim/Audio/Triggered/freesound_community-heavy-mechancial-door-open-6934.uexp" 1310
"C:/GitHub/P01_HorrorTemplate/Content/LevelPrototyping/Interactable/Door/Assets/Meshes/SM_DoorFrame_Corner.ubulk" 1311
"C:/GitHub/P01_HorrorTemplate/Content/LevelPrototyping/Interactable/Door/Assets/Meshes/SM_DoorFrame_Corner.uasset" 1312
"C:/GitHub/P01_HorrorTemplate/Content/LevelPrototyping/Interactable/Door/Assets/Meshes/SM_DoorFrame_Corner.uexp" 1313
"C:/GitHub/P01_HorrorTemplate/Content/LevelPrototyping/Interactable/Door/Assets/Meshes/SM_Door.ubulk" 1314
"C:/GitHub/P01_HorrorTemplate/Content/LevelPrototyping/Interactable/Door/Assets/Meshes/SM_Door.uasset" 1315
"C:/GitHub/P01_HorrorTemplate/Content/LevelPrototyping/Interactable/Door/Assets/Meshes/SM_Door.uexp" 1316
"C:/GitHub/P01_HorrorTemplate/Content/LevelPrototyping/Interactable/Door/BP_DoorFrame_Puzzle.uasset" 1317
"C:/GitHub/P01_HorrorTemplate/Content/LevelPrototyping/Interactable/Door/BP_DoorFrame_Puzzle.uexp" 1318
"C:/GitHub/P01_HorrorTemplate/Content/DuckBill_Sections/_GENERATED/Landii/Box1.ubulk" 1319
"C:/GitHub/P01_HorrorTemplate/Content/DuckBill_Sections/_GENERATED/Landii/Box1.uasset" 1320
"C:/GitHub/P01_HorrorTemplate/Content/DuckBill_Sections/_GENERATED/Landii/Box1.uexp" 1321
"../../../Engine/Content/EngineMaterials/BlendFunc_DefBlend.uasset" 1322
"../../../Engine/Content/EngineMaterials/BlendFunc_DefBlend.uexp" 1323
"C:/GitHub/P01_HorrorTemplate/Content/DuckBill_Sections/_GENERATED/Landii/BlendFunc_DefBlend_Mat.uasset" 1324
"C:/GitHub/P01_HorrorTemplate/Content/DuckBill_Sections/_GENERATED/Landii/BlendFunc_DefBlend_Mat.uexp" 1325
"C:/GitHub/P01_HorrorTemplate/Content/DuckBill_Sections/_GENERATED/Landii/Physics_Box2.uasset" 1326
"C:/GitHub/P01_HorrorTemplate/Content/DuckBill_Sections/_GENERATED/Landii/Physics_Box2.uexp" 1327
"C:/GitHub/P01_HorrorTemplate/Content/DuckBill_Sections/_GENERATED/Landii/BP_Puzzle_Box_Container_Red.ubulk" 1328
"C:/GitHub/P01_HorrorTemplate/Content/DuckBill_Sections/_GENERATED/Landii/BP_Puzzle_Box_Container_Red.uasset" 1329
"C:/GitHub/P01_HorrorTemplate/Content/DuckBill_Sections/_GENERATED/Landii/BP_Puzzle_Box_Container_Red.uexp" 1330
"C:/GitHub/P01_HorrorTemplate/Content/WalkingSim/Mesh/SM_Cube_1x1.ubulk" 1331
"C:/GitHub/P01_HorrorTemplate/Content/WalkingSim/Mesh/SM_Cube_1x1.uasset" 1332
"C:/GitHub/P01_HorrorTemplate/Content/WalkingSim/Mesh/SM_Cube_1x1.uexp" 1333
"C:/GitHub/P01_HorrorTemplate/Content/WalkingSim/Blueprints/BP_Door1.uasset" 1334
"C:/GitHub/P01_HorrorTemplate/Content/WalkingSim/Blueprints/BP_Door1.uexp" 1335
"C:/GitHub/P01_HorrorTemplate/Content/DuckBill_Sections/_GENERATED/Landii/Notes/WG_Note.uasset" 1336
"C:/GitHub/P01_HorrorTemplate/Content/DuckBill_Sections/_GENERATED/Landii/Notes/WG_Note.uexp" 1337
"C:/GitHub/P01_HorrorTemplate/Content/DuckBill_Sections/_GENERATED/Landii/Notes/BP_Note.uasset" 1338
"C:/GitHub/P01_HorrorTemplate/Content/DuckBill_Sections/_GENERATED/Landii/Notes/BP_Note.uexp" 1339
"C:/GitHub/P01_HorrorTemplate/Content/DuckBill_Sections/Horror_Section_1.uexp" 1340
"C:/GitHub/P01_HorrorTemplate/Content/DuckBill_Sections/Horror_Section_1.umap" 1341
